desc: I1 cache:         32768 B, 64 B, 8-way associative
desc: D1 cache:         32768 B, 64 B, 8-way associative
desc: LL cache:         3145728 B, 64 B, 12-way associative
cmd: ./bloques 500 32
events: Ir I1mr ILmr Dr D1mr DLmr Dw D1mw DLmw 
fl=/build/glibc-bQZRxl/glibc-2.23/csu/../csu/init-first.c
fn=_init
52 9 1 1 2 0 0 5 0 0
58 4 0 0 1 1 0 1 1 1
65 5 2 2 4 2 0 0 0 0
70 2 0 0 1 0 0 1 0 0
71 1 1 1 0 0 0 1 1 1
72 2 0 0 1 1 0 1 1 1
86 5 0 0 1 0 0 4 0 0
94 1 0 0 0 0 0 1 0 0
99 7 0 0 5 0 0 0 0 0
fl=/build/glibc-bQZRxl/glibc-2.23/csu/../csu/libc-start.c
fn=(below main)
134 9 1 1 1 0 0 5 0 0
138 9 2 2 2 1 0 2 0 0
220 2 0 0 0 0 0 0 0 0
221 6 0 0 0 0 0 4 0 0
243 5 0 0 3 0 0 0 0 0
246 2 0 0 1 0 0 0 0 0
247 8 1 1 6 0 0 5 0 0
251 5 0 0 3 1 0 0 0 0
266 2 0 0 0 0 0 0 0 0
278 4 1 1 0 0 0 2 0 0
279 3 0 0 0 0 0 0 0 0
284 2 0 0 1 1 0 1 0 0
285 2 0 0 1 1 0 1 0 0
288 2 0 0 0 0 0 1 0 0
291 8 1 1 6 3 0 4 0 0
325 3 0 0 0 0 0 2 0 0
fl=/build/glibc-bQZRxl/glibc-2.23/csu/../sysdeps/i386/i686/dl-hash.h
fn=_init
35 68 2 2 10 2 2 0 0 0
fl=/build/glibc-bQZRxl/glibc-2.23/csu/../sysdeps/unix/sysv/linux/i386/init-first.c
fn=_init
38 7 0 0 0 0 0 4 0 0
40 3 0 0 0 0 0 1 0 0
42 3 0 0 0 0 0 0 0 0
43 2 0 0 1 0 0 0 0 0
44 1 0 0 0 0 0 1 0 0
fn=clock_gettime_syscall
30 2 1 1 0 0 0 2 0 0
32 8 0 0 6 0 0 2 0 0
33 4 0 0 4 0 0 0 0 0
fl=/build/glibc-bQZRxl/glibc-2.23/csu/../sysdeps/unix/sysv/linux/i386/sysdep.c
fn=__syscall_error
27 52 2 2 0 0 0 26 0 0
28 54 0 0 2 0 0 26 0 0
30 52 0 0 26 0 0 0 0 0
fl=/build/glibc-bQZRxl/glibc-2.23/ctype/ctype-info.c
fn=__ctype_init
29 4 1 1 0 0 0 3 0 0
31 9 1 1 6 2 0 1 0 0
33 4 0 0 2 0 0 1 0 0
35 4 0 0 2 0 0 1 0 0
36 3 0 0 3 0 0 0 0 0
fl=/build/glibc-bQZRxl/glibc-2.23/elf/../elf/dl-sysdep.c
fn=_dl_sysdep_start
86 8 2 2 1 0 0 5 0 0
110 1 0 0 0 0 0 1 0 0
111 93 0 0 22 2 2 5 3 3
114 2 0 0 0 0 0 1 0 0
115 1 1 1 0 0 0 1 1 1
117 157 7 7 50 2 2 30 0 0
118 111 0 0 17 3 3 0 0 0
121 1 0 0 1 0 0 0 0 0
122 1 0 0 0 0 0 0 0 0
124 2 0 0 1 0 0 1 0 0
125 1 0 0 0 0 0 0 0 0
127 2 1 1 1 0 0 1 0 0
128 2 0 0 0 0 0 1 0 0
130 2 0 0 1 0 0 1 0 0
131 2 0 0 0 0 0 1 0 0
151 2 1 1 1 0 0 1 0 0
152 2 0 0 0 0 0 1 0 0
154 2 0 0 1 0 0 1 0 0
155 2 0 0 0 0 0 1 0 0
157 4 1 1 1 0 0 2 0 0
158 2 0 0 0 0 0 1 0 0
163 2 1 1 1 0 0 1 0 0
164 2 0 0 0 0 0 1 0 0
179 2 0 0 1 0 0 1 0 0
180 2 0 0 0 0 0 1 0 0
212 2 0 0 0 0 0 0 0 0
231 3 0 0 1 0 0 0 0 0
232 5 1 1 0 0 0 3 0 0
234 7 0 0 0 0 0 2 0 0
240 3 1 1 1 0 0 1 0 0
246 3 0 0 1 0 0 0 0 0
249 6 0 0 2 0 0 5 0 0
251 7 2 0 6 1 0 0 0 0
fn=_dl_sysdep_start_cleanup
256 1 1 1 1 0 0 0 0 0
fl=/build/glibc-bQZRxl/glibc-2.23/elf/../misc/sbrk.c
fn=sbrk
34 6 1 1 1 0 0 4 0 0
42 6 0 0 2 0 0 0 0 0
46 2 0 0 0 0 0 0 0 0
62 5 0 0 4 0 0 0 0 0
fl=/build/glibc-bQZRxl/glibc-2.23/elf/../string/bits/string2.h
fn=handle_ld_preload
961 181 1 1 45 0 0 0 0 0
962 139 0 0 0 0 0 0 0 0
963 89 0 0 0 0 0 0 0 0
fl=/build/glibc-bQZRxl/glibc-2.23/elf/../sysdeps/i386/dl-irel.h
fn=_dl_fixup
32 8 1 1 0 0 0 4 0 0
fl=/build/glibc-bQZRxl/glibc-2.23/elf/../sysdeps/i386/dl-machine.h
fn=_dl_fixup
248 99 0 0 0 0 0 99 0 0
fn=_dl_relocate_object
71 42 0 0 14 0 0 0 0 0
77 12 1 1 12 2 0 0 0 0
81 18 0 0 6 6 5 0 0 0
86 6 0 0 0 0 0 6 0 0
94 18 0 0 6 0 0 0 0 0
96 6 0 0 6 0 0 0 0 0
102 35 1 1 28 0 0 0 0 0
107 12 0 0 0 0 0 6 0 0
283 3216 0 0 0 0 0 0 0 0
286 6437 0 0 0 0 0 5 0 0
303 6432 0 0 0 0 0 0 0 0
312 133271 10 10 34666 1999 1204 21289 2 0
313 16104 2 2 6440 0 0 3223 0 0
315 40 2 2 0 0 0 0 0 0
316 12784 2 2 3196 0 0 0 0 0
322 16081 0 0 6432 13 6 0 0 0
332 2476 2 2 1238 0 0 619 177 21
345 6 0 0 0 0 0 0 0 0
346 12 0 0 6 1 0 3 2 0
354 8 0 0 4 0 0 2 0 0
364 56 1 1 0 0 0 7 0 0
376 12 0 0 0 0 0 6 0 0
384 32 0 0 6 0 0 13 0 0
415 60 1 1 15 0 0 0 0 0
416 90 0 0 45 5 5 15 0 0
423 10304 1 1 7728 494 156 0 0 0
433 3 1 1 2 0 0 0 0 0
434 1 0 0 0 0 0 0 0 0
440 33 1 1 7 0 0 13 0 0
444 10 0 0 5 0 0 4 0 0
445 1 0 0 1 0 0 0 0 0
585 28 1 1 0 0 0 14 0 0
614 4046 0 0 2023 95 95 0 0 0
615 2018 0 0 2018 281 276 0 0 0
635 1774 0 0 887 0 0 0 0 0
636 1774 1 1 887 111 111 0 0 0
638 1774 0 0 0 0 0 0 0 0
640 3520 0 0 1760 0 0 0 0 0
641 880 0 0 880 53 51 0 0 0
646 14 0 0 0 0 0 0 0 0
693 14 1 1 0 0 0 0 0 0
695 21 1 1 21 0 0 0 0 0
696 21 0 0 7 0 0 0 0 0
697 7 0 0 0 0 0 7 0 0
fn=_dl_start
58 3 0 0 1 1 1 0 0 0
283 6 0 0 0 0 0 0 0 0
313 18 0 0 18 4 4 0 0 0
316 24 0 0 6 0 0 0 0 0
322 36 0 0 6 1 1 0 0 0
332 18 1 1 6 0 0 6 0 0
384 2 0 0 0 0 0 1 0 0
614 24 0 0 12 2 2 0 0 0
615 11 0 0 11 2 2 0 0 0
fn=_dl_sysdep_start
236 6 0 0 2 1 1 0 0 0
240 1 0 0 0 0 0 1 0 0
fl=/build/glibc-bQZRxl/glibc-2.23/elf/../sysdeps/i386/dl-procinfo.h
fn=_dl_important_hwcaps
70 4 0 0 2 0 0 0 0 0
fn=_dl_load_cache_lookup
100 16 1 1 0 0 0 0 0 0
101 48 0 0 0 0 0 0 0 0
103 128 0 0 32 0 0 48 0 0
fl=/build/glibc-bQZRxl/glibc-2.23/elf/../sysdeps/i386/dl-trampoline.S
fn=_dl_runtime_resolve
35 99 1 1 0 0 0 99 0 0
37 99 0 0 0 0 0 99 1 1
39 99 0 0 0 0 0 99 0 0
41 99 0 0 99 0 0 0 0 0
42 99 0 0 99 0 0 0 0 0
43 99 0 0 0 0 0 99 0 0
44 99 0 0 99 0 0 0 0 0
46 99 0 0 99 0 0 0 0 0
47 99 0 0 0 0 0 99 0 0
48 99 0 0 99 0 0 0 0 0
49 99 0 0 99 0 0 0 0 0
fl=/build/glibc-bQZRxl/glibc-2.23/elf/../sysdeps/i386/nptl/tls.h
fn=init_tls
178 1 0 0 0 0 0 1 0 0
180 1 0 0 0 0 0 1 0 0
182 1 1 1 0 0 0 1 0 0
190 1 0 0 0 0 0 1 0 0
fl=/build/glibc-bQZRxl/glibc-2.23/elf/../sysdeps/posix/dl-fileid.h
fn=_dl_map_object_from_fd
37 50 0 0 0 0 0 25 0 0
40 20 1 1 10 0 0 10 0 0
41 20 0 0 10 0 0 10 0 0
49 180 1 1 70 1 1 0 0 0
fl=/build/glibc-bQZRxl/glibc-2.23/elf/../sysdeps/unix/sysv/linux/dl-osinfo.h
fn=dl_main
77 1 0 0 1 0 0 0 0 0
fl=/build/glibc-bQZRxl/glibc-2.23/elf/../sysdeps/unix/sysv/linux/dl-sysdep.c
fn=_dl_discover_osversion
45 9 1 1 0 0 0 6 1 1
47 4 1 1 1 0 0 1 0 0
87 7 1 1 0 0 0 2 1 1
102 1 0 0 0 0 0 0 0 0
106 1 0 0 0 0 0 0 0 0
107 1 0 0 0 0 0 0 0 0
109 12 0 0 3 1 1 0 0 0
111 6 0 0 0 0 0 0 0 0
113 17 1 1 4 0 0 0 0 0
115 1 0 0 0 0 0 0 0 0
116 2 0 0 0 0 0 0 0 0
119 3 0 0 0 0 0 0 0 0
120 3 0 0 0 0 0 0 0 0
121 3 0 0 0 0 0 0 0 0
123 13 0 0 0 0 0 0 0 0
128 2 1 1 0 0 0 0 0 0
132 6 1 1 5 0 0 0 0 0
fn=_dl_sysdep_start
35 3 1 1 0 0 0 2 1 1
fl=/build/glibc-bQZRxl/glibc-2.23/elf/../sysdeps/unix/sysv/linux/dl-vdso.c
fn=_dl_vdso_vsym
26 5 1 1 0 0 0 3 0 0
27 2 0 0 2 0 0 0 0 0
28 1 0 0 0 0 0 0 0 0
31 2 0 0 0 0 0 0 0 0
49 4 1 1 3 0 0 0 0 0
fl=/build/glibc-bQZRxl/glibc-2.23/elf/../sysdeps/unix/sysv/linux/i386/brk.c
fn=brk
33 4 2 2 1 0 0 2 0 0
35 2 0 0 0 0 0 0 0 0
36 1 0 0 0 0 0 1 0 0
37 2 0 0 0 0 0 0 0 0
40 3 0 0 2 0 0 0 0 0
fl=/build/glibc-bQZRxl/glibc-2.23/elf/../sysdeps/x86/cpu-features.c
fn=init_cpu_features.constprop.0
30 5 0 0 0 0 0 3 0 0
33 1 0 0 0 0 0 1 0 0
34 5 0 0 0 0 0 1 1 1
35 4 0 0 0 0 0 1 0 0
36 3 1 1 0 0 0 0 0 0
37 2 0 0 0 0 0 0 0 0
42 2 0 0 0 0 0 1 0 0
46 7 1 1 0 0 0 5 0 0
62 4 0 0 0 0 0 1 0 0
65 10 1 1 0 0 0 0 0 0
69 2 0 0 0 0 0 2 0 0
74 3 0 0 1 0 0 1 0 0
77 2 0 0 2 0 0 0 0 0
78 3 1 1 0 0 0 0 0 0
113 5 1 1 1 0 0 1 0 0
176 3 1 1 1 0 0 0 0 0
177 1 0 0 1 1 1 0 0 0
180 2 0 0 0 0 0 0 0 0
181 1 1 1 1 0 0 0 0 0
183 2 0 0 1 0 0 0 0 0
184 7 0 0 0 0 0 4 0 0
191 3 0 0 1 0 0 0 0 0
313 4 2 2 2 0 0 0 0 0
314 4 0 0 2 0 0 0 0 0
315 4 1 1 2 0 0 0 0 0
316 3 1 1 1 0 0 0 0 0
317 2 0 0 1 0 0 0 0 0
324 2 0 0 1 0 0 1 0 0
325 2 0 0 1 0 0 1 0 0
326 2 1 1 1 0 0 1 0 0
327 6 0 0 5 0 0 0 0 0
fl=/build/glibc-bQZRxl/glibc-2.23/elf/./dl-load.h
fn=_dl_map_object_from_fd
90 20 0 0 10 0 0 0 0 0
91 15 0 0 10 0 0 5 0 0
93 30 0 0 10 0 0 0 0 0
94 24 2 2 12 0 0 4 0 0
95 44 0 0 24 0 0 4 0 0
98 20 1 1 4 0 0 4 0 0
fl=/build/glibc-bQZRxl/glibc-2.23/elf/./dl-map-segments.h
fn=_dl_map_object_from_fd
56 75 1 1 25 0 0 45 0 0
60 20 0 0 5 0 0 0 0 0
63 15 1 1 5 0 0 5 0 0
64 10 0 0 0 0 0 5 0 0
66 10 0 0 5 0 0 0 0 0
72 29 1 1 6 0 0 13 0 0
73 8 0 0 4 0 0 2 0 0
76 10 0 0 10 0 0 0 0 0
86 50 1 1 10 0 0 0 0 0
88 20 0 0 10 0 0 0 0 0
90 90 0 0 30 0 0 45 0 0
100 40 1 1 20 0 0 0 0 0
106 15 0 0 5 0 0 5 0 0
107 10 0 0 0 0 0 5 0 0
108 30 0 0 20 0 0 0 0 0
109 25 0 0 5 0 0 5 0 0
116 15 0 0 5 0 0 5 0 0
119 10 1 1 5 0 0 0 0 0
127 75 1 1 25 0 0 30 0 0
133 15 0 0 10 0 0 0 0 0
137 26 1 1 6 0 0 18 0 0
140 10 1 1 4 0 0 0 0 0
145 10 1 1 0 0 0 0 0 0
fl=/build/glibc-bQZRxl/glibc-2.23/elf/dl-addr.c
fn=_dl_addr
30 2 0 0 1 0 0 1 0 0
31 2 0 0 1 0 0 1 0 0
34 2 0 0 1 0 0 0 0 0
38 1 0 0 0 0 0 0 0 0
39 3 1 1 2 0 0 1 0 0
40 3 0 0 2 0 0 1 0 0
42 3 0 0 2 0 0 1 0 0
45 3 0 0 1 1 0 0 0 0
50 2031 1 1 1013 0 0 3 0 0
52 2022 0 0 2022 61 22 0 0 0
53 2022 0 0 0 0 0 0 0 0
55 5478 0 0 1826 0 0 913 0 0
61 7215 1 1 2405 599 515 0 0 0
63 12025 0 0 2405 0 0 0 0 0
64 19814 1 1 7877 0 0 0 0 0
71 12555 1 1 5340 147 92 0 0 0
99 3 0 0 1 0 0 0 0 0
100 1 0 0 0 0 0 1 1 0
101 3 0 0 1 1 0 0 0 0
104 3 1 1 1 0 0 0 0 0
116 2 1 1 1 0 0 1 0 0
117 2 0 0 0 0 0 1 0 0
126 11 2 2 0 0 0 7 0 0
131 6 0 0 2 0 0 3 0 0
133 2 0 0 0 0 0 1 0 0
135 3 0 0 0 0 0 0 0 0
138 1 1 1 0 0 0 0 0 0
141 5 0 0 2 1 0 2 1 0
144 7 1 1 5 0 0 0 0 0
fl=/build/glibc-bQZRxl/glibc-2.23/elf/dl-altinit.c
fn=dlinit_alt
33 4 0 0 3 0 0 0 0 0
34 1 1 1 1 0 0 0 0 0
41 2 0 0 0 0 0 1 0 0
fl=/build/glibc-bQZRxl/glibc-2.23/elf/dl-cache.c
fn=_dl_cache_libcmp
138 252 1 1 0 0 0 144 0 0
139 582 1 1 194 0 0 0 0 0
141 570 0 0 0 0 0 0 0 0
143 24 0 0 4 0 0 4 0 0
149 12 0 0 0 0 0 4 0 0
150 12 1 1 4 0 0 0 0 0
151 20 0 0 4 0 0 0 0 0
153 20 0 0 4 0 0 0 0 0
155 8 0 0 4 0 0 0 0 0
161 930 1 1 186 32 32 0 0 0
163 558 1 1 0 0 0 0 0 0
164 96 0 0 0 0 0 0 0 0
167 154 0 0 0 0 0 0 0 0
168 154 0 0 0 0 0 0 0 0
171 8 0 0 4 0 0 0 0 0
172 216 0 0 180 0 0 0 0 0
fn=_dl_load_cache_lookup
185 36 1 1 0 0 0 24 0 0
193 12 0 0 4 0 0 4 0 0
196 16 1 1 8 0 0 0 0 0
199 6 1 1 0 0 0 1 1 1
207 5 0 0 1 0 0 0 0 0
208 9 1 1 0 0 0 4 0 0
212 1 0 0 0 0 0 1 0 0
215 3 0 0 1 0 0 0 0 0
218 2 0 0 0 0 0 1 0 0
219 3 0 0 0 0 0 0 0 0
220 9 1 1 0 0 0 4 0 0
241 12 0 0 6 0 0 0 0 0
247 20 0 0 8 0 0 4 0 0
256 12 0 0 4 0 0 4 0 0
258 12 0 0 8 0 0 4 0 0
260 44 1 1 0 0 0 8 0 0
262 28 1 1 4 0 0 16 0 0
266 36 1 1 20 0 0 16 0 0
281 1036 7 7 308 26 26 96 0 0
297 12 0 0 8 0 0 0 0 0
301 12 1 1 4 0 0 0 0 0
309 44 0 0 4 0 0 8 0 0
310 24 0 0 4 0 0 16 0 0
311 12 0 0 0 0 0 8 0 0
312 24 0 0 20 0 0 0 0 0
fn=_dl_unload_cache
321 4 1 1 0 0 0 2 0 0
322 4 1 1 1 1 0 0 0 0
324 4 0 0 1 0 0 3 0 0
325 2 0 0 0 0 0 1 0 0
327 3 0 0 2 0 0 0 0 0
fl=/build/glibc-bQZRxl/glibc-2.23/elf/dl-debug.c
fn=_dl_debug_initialize
47 21 1 1 0 0 0 14 0 0
50 14 0 0 0 0 0 0 0 0
51 7 1 1 7 0 0 0 0 0
55 26 0 0 7 0 0 0 0 0
58 1 1 1 0 0 0 1 0 0
59 2 0 0 0 0 0 1 0 0
60 3 0 0 1 0 0 1 0 0
61 2 0 0 0 0 0 1 0 0
65 21 0 0 14 0 0 0 0 0
fn=_dl_debug_state
74 2 0 0 2 0 0 0 0 0
fl=/build/glibc-bQZRxl/glibc-2.23/elf/dl-deps.c
fn=_dl_map_object_deps
144 3 0 0 0 0 0 2 0 0
145 2 0 0 0 0 0 2 0 0
146 4 0 0 0 0 0 2 0 0
152 9 1 1 2 0 0 3 0 0
160 11 1 1 0 0 0 7 0 0
161 10 1 1 0 0 0 3 0 0
178 14 1 1 3 0 0 2 0 0
179 1 0 0 1 0 0 0 0 0
182 3 0 0 0 0 0 2 0 0
188 1 0 0 0 0 0 1 0 0
189 1 0 0 0 0 0 1 0 0
201 3 1 1 2 0 0 1 0 0
202 1 0 0 0 0 0 1 0 0
203 1 0 0 0 0 0 1 0 0
204 2 0 0 0 0 0 2 0 0
209 9 1 1 0 0 0 8 0 0
210 2 0 0 0 0 0 1 0 0
213 14 0 0 7 0 0 7 0 0
217 28 1 1 14 0 0 0 0 0
218 53 2 2 20 0 0 0 0 0
220 5 0 0 0 0 0 0 0 0
222 20 0 0 10 0 0 5 0 0
224 30 1 1 2 0 0 6 0 0
229 40 1 1 18 1 1 0 0 0
231 20 0 0 15 0 0 5 0 0
236 5 0 0 0 0 0 5 0 0
237 10 0 0 0 0 0 5 0 0
238 10 0 0 5 0 0 5 0 0
239 10 0 0 5 0 0 5 0 0
242 576 1 1 149 0 0 10 0 0
243 268 0 0 0 0 0 0 0 0
249 110 1 1 33 0 0 33 1 1
251 11 0 0 0 0 0 11 0 0
254 88 0 0 11 0 0 33 0 0
256 55 1 1 33 0 0 0 0 0
271 11 0 0 11 0 0 0 0 0
273 22 0 0 11 0 0 0 0 0
278 15 0 0 0 0 0 0 0 0
281 5 0 0 0 0 0 5 0 0
282 5 0 0 0 0 0 5 0 0
283 5 0 0 0 0 0 5 0 0
284 10 0 0 5 0 0 5 0 0
286 5 0 0 5 0 0 0 0 0
288 30 1 1 5 0 0 10 0 0
292 33 0 0 11 0 0 0 0 0
293 32 0 0 8 0 0 16 0 0
295 369 0 0 0 0 0 0 0 0
308 2 0 0 0 0 0 1 0 0
317 2 0 0 0 0 0 1 0 0
423 30 1 1 12 0 0 12 0 0
459 40 1 1 11 0 0 0 0 0
461 10 1 1 5 0 0 5 0 0
463 25 0 0 5 0 0 10 0 0
465 15 0 0 0 0 0 0 0 0
468 10 0 0 5 0 0 5 1 1
469 40 0 0 10 0 0 20 0 0
470 40 0 0 10 0 0 20 0 0
473 10 0 0 5 0 0 5 0 0
474 10 0 0 5 0 0 0 0 0
478 38 1 1 19 0 0 0 0 0
480 7 1 1 7 0 0 0 0 0
481 32 0 0 6 0 0 0 0 0
485 7 1 1 3 0 0 0 0 0
486 2 0 0 0 0 0 1 0 0
489 5 0 0 2 0 0 1 0 0
499 7 1 1 2 0 0 3 0 0
502 3 1 1 0 0 0 0 0 0
507 6 0 0 3 0 0 1 0 0
508 1 0 0 0 0 0 1 0 0
510 25 0 0 9 0 0 0 0 0
512 21 1 1 7 0 0 0 0 0
516 28 0 0 14 0 0 7 1 1
520 7 0 0 7 0 0 0 0 0
523 4 0 0 2 0 0 1 0 0
574 3 1 1 2 0 0 0 0 0
575 1 0 0 0 0 0 1 0 0
576 5 0 0 2 0 0 1 0 0
611 10 2 2 3 0 0 5 0 0
613 3 0 0 0 0 0 0 0 0
614 1 0 0 0 0 0 1 0 0
617 18 0 0 7 0 0 1 0 0
618 7 1 1 1 0 0 1 0 0
619 13 1 1 2 0 0 6 0 0
623 28 0 0 7 0 0 14 0 0
624 49 1 1 14 0 0 14 0 0
630 65 0 0 13 0 0 6 0 0
632 34 0 0 34 0 0 0 0 0
633 45 0 0 0 0 0 0 0 0
635 114 0 0 38 0 0 0 0 0
636 84 1 1 0 0 0 0 0 0
640 11 0 0 3 0 0 6 0 0
641 2 0 0 1 0 0 0 0 0
642 2 0 0 1 0 0 1 0 0
644 7 0 0 3 0 0 0 0 0
651 10 1 1 2 0 0 4 0 0
653 4 0 0 2 0 0 1 0 0
655 2 0 0 0 0 0 0 0 0
658 48 0 0 32 0 0 0 0 0
661 19 1 1 13 0 0 0 0 0
664 80 1 1 20 0 0 25 0 0
671 3 0 0 2 0 0 1 0 0
673 2 0 0 1 0 0 1 0 0
674 1 0 0 1 0 0 0 0 0
675 3 0 0 1 0 0 0 0 0
682 3 1 1 1 0 0 0 0 0
685 3 0 0 1 0 0 0 0 0
688 6 0 0 5 0 0 0 0 0
fn=openaux
60 33 1 1 11 0 0 11 0 0
63 132 0 0 55 0 0 55 1 1
67 11 0 0 11 0 0 0 0 0
68 33 0 0 22 0 0 0 0 0
fl=/build/glibc-bQZRxl/glibc-2.23/elf/dl-environ.c
fn=_dl_next_ld_env_entry
30 3 1 1 3 0 0 0 0 0
31 2 0 0 0 0 0 0 0 0
33 64 0 0 21 0 0 0 0 0
35 40 0 0 20 8 8 0 0 0
36 14 0 0 7 0 0 0 0 0
38 2 0 0 0 0 0 0 0 0
41 4 0 0 0 0 0 2 0 0
46 18 0 0 0 0 0 0 0 0
50 6 0 0 3 0 0 0 0 0
fl=/build/glibc-bQZRxl/glibc-2.23/elf/dl-error.c
fn=_dl_catch_error
163 60 1 1 0 0 0 36 0 0
175 24 0 0 0 0 0 24 1 1
176 24 0 0 0 0 0 24 0 0
177 24 0 0 0 0 0 24 0 0
178 24 1 1 0 0 0 12 2 2
180 24 0 0 12 0 0 12 0 0
181 24 0 0 12 0 0 12 0 0
182 36 0 0 0 0 0 24 0 0
185 96 0 0 0 0 0 36 1 1
187 60 1 1 24 0 0 24 0 0
188 36 0 0 24 0 0 12 0 0
189 24 0 0 12 0 0 12 0 0
190 24 0 0 12 0 0 12 0 0
191 24 0 0 12 0 0 12 0 0
199 60 0 0 36 0 0 0 0 0
fn=_dl_receive_error
205 10 1 1 0 0 0 7 0 0
206 2 1 1 1 0 0 1 0 0
210 2 0 0 1 0 0 1 0 0
211 1 0 0 1 0 0 0 0 0
214 1 0 0 0 0 0 1 0 0
215 1 0 0 0 0 0 1 0 0
217 5 0 0 2 0 0 2 0 0
219 2 0 0 1 0 0 1 0 0
220 1 0 0 0 0 0 1 0 0
221 6 0 0 5 0 0 0 0 0
fl=/build/glibc-bQZRxl/glibc-2.23/elf/dl-fini.c
fn=_dl_fini
130 13 1 1 0 0 0 7 0 0
147 3 0 0 0 0 0 3 0 0
150 17 2 2 8 1 1 2 0 0
153 5 1 1 4 1 1 2 0 0
155 2 0 0 2 1 1 0 0 0
158 3 1 1 0 0 0 0 0 0
160 6 0 0 3 0 0 0 0 0
165 1 0 0 0 0 0 1 0 0
168 7 0 0 0 0 0 1 0 0
173 22 0 0 7 1 1 0 0 0
175 14 1 1 7 2 2 0 0 0
177 14 0 0 0 0 0 0 0 0
179 7 0 0 0 0 0 7 0 0
180 7 0 0 0 0 0 7 5 5
181 7 0 0 0 0 0 0 0 0
185 7 0 0 7 2 2 0 0 0
187 8 1 1 1 0 0 1 0 0
188 3 0 0 1 0 0 0 0 0
192 7 0 0 3 0 0 2 0 0
201 4 1 1 4 0 0 2 0 0
206 33 0 0 21 0 0 1 0 0
208 21 0 0 21 0 0 0 0 0
210 21 0 0 7 0 0 0 0 0
213 14 0 0 0 0 0 7 0 0
216 21 1 1 7 5 5 0 0 0
217 6 1 1 2 1 1 0 0 0
220 15 0 0 10 0 0 0 0 0
222 3 0 0 1 0 0 1 0 0
223 3 0 0 0 0 0 1 0 0
231 10 0 0 10 3 3 0 0 0
232 15 0 0 10 2 2 0 0 0
234 35 0 0 5 0 0 0 0 0
235 5 0 0 5 5 5 5 0 0
239 10 0 0 0 0 0 0 0 0
240 15 1 1 10 1 1 5 0 0
246 56 0 0 21 1 1 0 0 0
262 7 0 0 7 0 0 0 0 0
268 7 0 0 3 0 0 0 0 0
270 1 0 0 0 0 0 1 0 0
274 3 0 0 2 0 0 0 0 0
281 6 0 0 5 0 0 0 0 0
fn=_dl_sort_fini
31 8 1 1 0 0 0 5 0 0
33 4 0 0 0 0 0 2 0 0
38 9 0 0 1 0 0 3 0 0
39 7 1 1 0 0 0 2 0 0
40 13 0 0 2 0 0 5 0 0
44 28 0 0 7 0 0 14 0 0
45 35 1 1 14 0 0 7 0 0
49 28 0 0 14 0 0 0 0 0
55 21 0 0 7 0 0 7 0 0
56 69 1 1 29 0 0 12 0 0
58 51 0 0 51 1 1 0 0 0
59 45 0 0 0 0 0 0 0 0
61 114 1 1 38 2 2 0 0 0
62 84 0 0 0 0 0 0 0 0
67 10 0 0 3 0 0 5 0 0
68 2 0 0 2 0 0 0 0 0
69 2 0 0 1 0 0 1 0 0
71 4 1 1 1 0 0 0 0 0
79 5 0 0 3 0 0 0 0 0
81 1 0 0 0 0 0 0 0 0
86 11 0 0 3 0 0 4 0 0
87 3 0 0 2 0 0 1 0 0
89 2 0 0 0 0 0 0 0 0
92 48 1 1 16 0 0 0 0 0
113 48 0 0 48 0 0 0 0 0
117 18 0 0 6 0 0 6 0 0
120 86 1 1 29 0 0 20 0 0
124 6 0 0 5 0 0 0 0 0
fl=/build/glibc-bQZRxl/glibc-2.23/elf/dl-hwcaps.c
fn=_dl_important_hwcaps
39 12 1 1 0 0 0 8 0 0
41 7 1 1 4 0 0 3 0 0
42 4 0 0 0 0 0 1 0 0
51 414 0 0 29 0 0 55 0 0
52 189 1 1 0 0 0 0 0 0
53 54 0 0 0 0 0 0 0 0
61 5 1 1 2 0 0 1 0 0
113 3 1 1 1 0 0 1 0 0
115 9 2 2 1 0 0 3 1 1
130 9 1 1 0 0 0 1 0 0
131 1 0 0 0 0 0 0 0 0
162 74 2 2 7 0 0 1 0 0
163 270 1 1 54 0 0 0 0 0
165 6 0 0 2 0 0 2 0 0
166 10 1 1 0 0 0 6 0 0
167 36 0 0 8 0 0 8 0 0
168 4 0 0 0 0 0 0 0 0
170 3 0 0 1 0 0 0 0 0
172 2 0 0 1 0 0 1 0 0
173 4 0 0 1 0 0 1 0 0
177 4 1 1 2 0 0 1 0 0
178 1 0 0 0 0 0 1 0 0
181 2 0 0 1 0 0 0 0 0
184 2 0 0 1 0 0 0 0 0
185 2 0 0 2 0 0 0 0 0
188 8 0 0 2 0 0 3 0 0
189 3 1 1 0 0 0 0 0 0
191 4 0 0 0 0 0 0 0 0
192 4 0 0 0 0 0 0 0 0
193 6 0 0 2 0 0 0 0 0
194 3 0 0 1 0 0 0 0 0
195 2 0 0 0 0 0 0 0 0
196 6 1 1 0 0 0 0 0 0
201 3 0 0 1 0 0 0 0 0
207 6 0 0 2 0 0 2 0 0
208 8 0 0 1 0 0 4 0 0
209 4 1 1 1 0 0 0 0 0
238 5 0 0 1 0 0 2 0 0
241 2 0 0 1 0 0 0 0 0
248 8 0 0 2 0 0 1 0 0
251 4 0 0 0 0 0 0 0 0
254 56 1 1 20 0 0 32 0 0
257 28 0 0 4 0 0 0 0 0
258 47 1 1 4 0 0 6 0 0
259 64 1 1 24 0 0 36 0 0
262 48 0 0 16 0 0 32 0 0
264 12 1 1 0 0 0 0 0 0
269 58 0 0 3 0 0 0 0 0
270 16 0 0 0 0 0 16 1 1
274 16 1 1 1 0 0 4 0 0
277 148 0 0 8 0 0 0 0 0
278 192 0 0 64 0 0 0 0 0
279 96 0 0 64 0 0 0 0 0
281 14 1 1 0 0 0 0 0 0
284 2 0 0 1 0 0 0 0 0
285 2 0 0 1 0 0 0 0 0
286 29 0 0 4 0 0 0 0 0
288 18 0 0 0 0 0 0 0 0
289 9 0 0 6 0 0 3 0 0
291 6 1 1 3 0 0 3 0 0
292 6 0 0 0 0 0 0 0 0
299 24 0 0 8 0 0 8 0 0
300 8 0 0 0 0 0 0 0 0
302 16 0 0 0 0 0 0 0 0
305 4 1 1 3 0 0 1 0 0
307 1 0 0 0 0 0 0 0 0
308 6 0 0 5 0 0 0 0 0
fl=/build/glibc-bQZRxl/glibc-2.23/elf/dl-init.c
fn=_dl_init
30 58 1 1 20 2 0 12 0 0
80 10 2 2 0 0 0 6 0 0
81 1 0 0 1 0 0 0 0 0
82 2 0 0 1 0 0 1 0 0
85 3 0 0 1 0 0 0 0 0
88 2 0 0 0 0 0 1 0 0
93 2 0 0 0 0 0 0 0 0
104 6 2 2 2 0 0 2 0 0
118 2 1 1 1 0 0 0 0 0
119 31 0 0 0 0 0 0 0 0
120 14 0 0 14 2 0 0 0 0
126 6 0 0 5 0 0 0 0 0
fn=call_init.part.0
28 56 1 1 0 0 0 35 0 0
36 28 0 0 7 0 0 7 0 0
39 41 0 0 14 4 0 7 0 0
40 3 0 0 0 0 0 0 0 0
44 24 1 1 6 1 0 0 0 0
45 3 1 1 1 0 0 0 0 0
49 10 0 0 5 0 0 0 0 0
58 45 0 0 20 5 0 20 0 0
62 10 0 0 0 0 0 0 0 0
68 20 0 0 10 0 0 5 0 0
70 10 0 0 10 0 0 0 0 0
71 112 1 1 18 0 0 0 0 0
72 90 0 0 36 5 0 72 0 0
74 42 0 0 35 0 0 0 0 0
fl=/build/glibc-bQZRxl/glibc-2.23/elf/dl-load.c
fn=_dl_init_paths
689 9 1 1 0 0 0 6 0 0
702 7 1 1 2 0 0 3 0 0
706 1 0 0 0 0 0 1 0 0
707 2 0 0 0 0 0 2 0 0
708 3 0 0 0 0 0 0 0 0
715 4 0 0 0 0 0 0 0 0
716 2 0 0 1 0 0 0 0 0
719 8 1 1 0 0 0 4 1 1
721 4 0 0 1 0 0 0 0 0
727 1 0 0 0 0 0 1 0 0
728 2 0 0 0 0 0 2 0 0
736 6 0 0 3 0 0 3 0 0
738 13 0 0 3 0 0 5 0 0
739 7 1 1 3 0 0 4 2 2
741 11 0 0 6 0 0 4 0 0
742 7 0 0 3 1 1 4 0 0
743 9 0 0 0 0 0 3 0 0
746 6 0 0 3 1 1 0 0 0
747 220 0 0 8 0 0 4 0 0
748 64 0 0 0 0 0 64 4 4
750 25 2 2 8 0 0 9 0 0
756 1 1 1 0 0 0 1 0 0
757 2 0 0 1 0 0 1 0 0
761 1 0 0 1 0 0 0 0 0
762 2 0 0 0 0 0 0 0 0
764 4 0 0 1 0 0 0 0 0
766 3 0 0 1 0 0 0 0 0
783 1 0 0 0 0 0 1 0 0
785 3 1 1 1 0 0 0 0 0
799 2 1 1 0 0 0 1 0 0
804 5 1 1 2 0 0 0 0 0
810 7 1 1 0 0 0 3 0 0
812 18 1 1 1 0 0 6 0 0
829 64 0 0 15 0 0 0 0 0
830 14 0 0 0 0 0 0 0 0
831 28 0 0 0 0 0 0 0 0
833 1 0 0 0 0 0 1 0 0
834 3 1 1 0 0 0 2 0 0
835 3 0 0 0 0 0 0 0 0
841 9 0 0 1 0 0 5 0 0
845 5 0 0 2 0 0 0 0 0
851 1 0 0 0 0 0 1 0 0
855 6 0 0 5 0 0 0 0 0
fn=_dl_map_object
666 39 1 1 13 0 0 0 0 0
669 10 1 1 1 0 0 2 0 0
2189 96 1 1 0 0 0 72 2 2
2191 5 0 0 0 0 0 5 0 0
2197 48 1 1 12 0 0 0 0 0
2198 36 0 0 24 1 1 0 0 0
2201 222 0 0 66 0 0 12 0 0
2206 343 1 1 49 0 0 0 0 0
2208 245 0 0 0 0 0 49 2 2
2212 84 0 0 42 0 0 0 0 0
2213 126 0 0 42 0 0 0 0 0
2216 22 0 0 22 0 0 0 0 0
2218 198 1 1 44 0 0 66 0 0
2235 25 1 1 10 0 0 5 0 0
2244 15 1 1 5 0 0 0 0 0
2278 5 0 0 0 0 0 5 0 0
2280 35 0 0 0 0 0 15 0 0
2284 24 2 2 0 0 0 12 0 0
2286 8 0 0 4 0 0 0 0 0
2293 20 0 0 4 0 0 0 0 0
2297 8 1 1 4 0 0 4 0 0
2302 35 1 1 5 0 0 4 0 0
2303 8 0 0 0 0 0 0 0 0
2305 20 0 0 0 0 0 12 0 0
2317 12 1 1 8 0 0 0 0 0
2318 32 1 1 8 0 0 4 0 0
2319 12 0 0 0 0 0 4 0 0
2328 8 0 0 4 0 0 0 0 0
2329 68 1 1 8 0 0 28 0 0
2335 20 0 0 4 0 0 0 0 0
2336 11 1 1 0 0 0 4 0 0
2344 4 1 1 0 0 0 4 0 0
2358 8 1 1 4 0 0 0 0 0
2360 12 0 0 4 0 0 0 0 0
2364 12 0 0 0 0 0 8 0 0
2366 8 0 0 0 0 0 0 0 0
2370 8 0 0 0 0 0 0 0 0
2378 12 0 0 4 0 0 0 0 0
2401 40 1 1 8 0 0 20 0 0
2405 12 0 0 0 0 0 0 0 0
2406 8 0 0 0 0 0 4 0 0
2423 8 1 1 4 0 0 0 0 0
2429 1 0 0 0 0 0 1 0 0
2431 6 1 1 0 0 0 1 0 0
2432 3 0 0 0 0 0 0 0 0
2436 8 0 0 1 0 0 5 0 0
2439 3 0 0 0 0 0 0 0 0
2440 7 0 0 0 0 0 2 0 0
2451 20 1 1 5 0 0 0 0 0
2453 16 1 1 0 0 0 0 0 0
2497 10 0 0 5 0 0 5 0 0
2498 70 0 0 25 0 0 40 0 0
2500 94 2 2 65 0 0 5 0 0
fn=_dl_map_object_from_fd
893 65 2 2 0 0 0 40 1 1
903 25 0 0 5 0 0 15 1 1
904 5 0 0 0 0 0 5 0 0
919 125 1 1 45 0 0 10 0 0
920 40 0 0 20 0 0 0 0 0
937 15 1 1 5 0 0 0 0 0
961 10 0 0 5 0 0 0 0 0
971 15 0 0 10 0 0 0 0 0
993 20 1 1 10 0 0 0 0 0
1025 10 0 0 0 0 0 0 0 0
1028 45 0 0 30 0 0 20 0 0
1029 15 0 0 5 0 0 0 0 0
1040 15 1 1 10 0 0 5 2 2
1041 25 0 0 15 0 0 10 0 0
1042 15 0 0 10 0 0 5 0 0
1044 10 0 0 0 0 0 0 0 0
1045 30 0 0 20 0 0 0 0 0
1046 10 1 1 0 0 0 5 0 0
1063 5 0 0 0 0 0 5 0 0
1065 45 0 0 0 0 0 10 0 0
1073 268 1 1 81 0 0 10 0 0
1074 288 2 2 38 0 0 0 0 0
1080 10 0 0 5 0 0 5 0 0
1081 15 0 0 5 0 0 5 0 0
1082 5 0 0 0 0 0 0 0 0
1085 2 0 0 1 0 0 1 0 0
1086 1 0 0 0 0 0 0 0 0
1091 70 2 2 30 0 0 10 0 0
1096 80 0 0 30 0 0 10 0 0
1104 120 1 1 30 0 0 30 0 0
1105 40 0 0 0 0 0 10 1 1
1106 70 0 0 30 0 0 20 0 0
1108 20 0 0 10 0 0 10 0 0
1109 20 0 0 10 0 0 10 0 0
1113 20 1 1 10 0 0 0 0 0
1114 40 0 0 25 0 0 5 0 0
1118 100 1 1 30 0 0 10 0 0
1129 10 0 0 0 0 0 0 0 0
1132 6 0 0 2 0 0 0 0 0
1136 2 1 1 0 0 0 2 1 1
1137 4 0 0 2 0 0 2 0 0
1138 4 0 0 0 0 0 0 0 0
1141 15 1 1 7 0 0 2 0 0
1142 4 0 0 2 0 0 2 0 0
1145 2 0 0 0 0 0 2 0 0
1149 8 0 0 2 0 0 0 0 0
1155 4 0 0 0 0 0 4 0 0
1156 2 0 0 0 0 0 0 0 0
1160 15 0 0 5 0 0 5 0 0
1168 25 0 0 5 0 0 10 0 0
1211 10 1 1 5 0 0 5 0 0
1212 5 0 0 0 0 0 0 0 0
1215 8 0 0 4 0 0 4 1 1
1216 8 0 0 4 0 0 4 0 0
1217 4 0 0 0 0 0 0 0 0
1220 10 0 0 0 0 0 0 0 0
1229 10 0 0 0 0 0 0 0 0
1239 45 1 1 20 0 0 10 0 0
1251 20 1 1 10 0 0 0 0 0
1255 8 1 1 4 0 0 0 0 0
1260 20 0 0 5 0 0 10 0 0
1267 10 0 0 0 0 0 0 0 0
1282 15 1 1 5 0 0 0 0 0
1301 10 0 0 5 0 0 5 0 0
1303 35 1 1 15 0 0 5 0 0
1357 15 0 0 5 1 1 0 0 0
1358 4 0 0 2 0 0 2 0 0
1361 30 0 0 5 0 0 10 0 0
1370 10 0 0 5 0 0 0 0 0
1372 20 1 1 10 0 0 5 0 0
1374 15 0 0 10 0 0 0 0 0
1390 10 0 0 0 0 0 5 0 0
1394 10 0 0 5 0 0 0 0 0
1395 15 0 0 5 0 0 0 0 0
1412 10 1 1 5 0 0 0 0 0
1413 3 0 0 1 0 0 1 0 0
1416 40 1 1 20 0 0 20 0 0
1421 15 0 0 5 0 0 0 0 0
1431 20 0 0 10 0 0 0 0 0
1441 15 0 0 5 0 0 5 0 0
1445 25 0 0 10 0 0 0 0 0
1465 30 0 0 25 0 0 0 0 0
fn=cache_rpath.part.5
661 6 1 1 0 0 0 4 0 0
672 6 0 0 2 0 0 0 0 0
675 2 0 0 0 0 0 2 0 0
676 2 0 0 0 0 0 0 0 0
683 8 0 0 6 0 0 0 0 0
fn=expand_dynamic_string_token
373 20 2 2 0 0 0 10 0 0
383 12 0 0 0 0 0 6 1 1
387 8 0 0 0 0 0 4 0 0
398 12 0 0 10 0 0 0 0 0
fn=fillin_rpath
444 12 2 2 0 0 0 8 0 0
446 2 0 0 0 0 0 2 0 0
448 16 0 0 4 0 0 6 0 0
451 1 0 0 0 0 0 1 0 0
452 1 0 0 0 0 0 0 0 0
455 2 1 1 1 0 0 0 0 0
457 5 2 2 1 0 0 1 0 0
461 2 0 0 0 0 0 0 0 0
466 4 0 0 0 0 0 2 0 0
467 2 0 0 0 0 0 0 0 0
474 8 2 2 1 0 0 0 0 0
479 3 0 0 0 0 0 2 0 0
483 3 2 2 1 0 0 0 0 0
490 16 0 0 6 0 0 0 0 0
491 8 0 0 4 0 0 0 0 0
509 5 2 2 1 0 0 1 0 0
512 7 1 1 1 0 0 3 0 0
513 3 0 0 2 0 0 0 0 0
515 4 0 0 1 0 0 0 0 0
519 2 0 0 0 0 0 2 1 1
520 1 0 0 0 0 0 0 0 0
521 7 1 1 1 0 0 5 0 0
522 2 0 0 1 0 0 1 0 0
524 4 0 0 2 0 0 0 0 0
530 4 0 0 1 0 0 0 0 0
531 54 1 1 2 0 0 0 0 0
532 16 0 0 0 0 0 16 0 0
534 2 0 0 1 0 0 1 0 0
535 3 0 0 1 0 0 0 0 0
540 2 0 0 0 0 0 1 0 0
542 3 0 0 2 0 0 1 0 0
543 1 0 0 0 0 0 1 0 0
546 5 0 0 1 0 0 2 0 0
548 6 1 1 2 0 0 2 0 0
552 2 0 0 1 0 0 1 0 0
555 7 0 0 5 0 0 0 0 0
fn=open_path
2040 32 1 1 0 0 0 20 0 0
2041 12 0 0 8 0 0 4 1 1
2044 4 0 0 0 0 0 4 0 0
2045 4 0 0 0 0 0 4 0 0
2047 12 0 0 0 0 0 4 1 1
2052 60 2 2 16 0 0 20 0 0
2064 12 0 0 8 0 0 0 0 0
2071 28 1 1 16 0 0 20 2 2
2072 348 0 0 68 0 0 4 0 0
2075 128 1 1 64 0 0 0 0 0
2078 38 0 0 19 0 0 19 0 0
2079 190 1 1 95 0 0 152 0 0
2080 38 0 0 19 0 0 0 0 0
2085 76 0 0 38 0 0 0 0 0
2088 171 0 0 114 0 0 95 0 0
2090 76 1 1 19 0 0 0 0 0
2092 32 1 1 0 0 0 0 0 0
2097 48 1 1 16 0 0 0 0 0
2098 124 1 1 80 0 0 4 0 0
2104 96 0 0 48 0 0 16 0 0
2106 144 0 0 0 0 0 64 0 0
2107 4 0 0 1 0 0 0 0 0
2109 30 1 1 0 0 0 15 0 0
2111 3 2 2 0 0 0 1 0 0
2116 44 0 0 19 0 0 0 0 0
2118 6 0 0 0 0 0 0 0 0
2154 4 0 0 0 0 0 0 0 0
2157 32 1 1 8 0 0 0 0 0
2162 8 0 0 8 0 0 0 0 0
2164 24 0 0 12 0 0 4 0 0
2167 12 0 0 4 0 0 0 0 0
2181 24 0 0 20 0 0 0 0 0
fn=open_verify.constprop.6
1717 288 1 1 24 0 0 168 2 2
1756 96 0 0 24 0 0 24 0 0
1787 120 1 1 24 0 0 96 0 0
1789 72 0 0 0 0 0 0 0 0
1799 15 1 1 5 0 0 5 0 0
1800 15 0 0 0 0 0 10 0 0
1805 45 0 0 10 0 0 20 0 0
1807 15 0 0 0 0 0 0 0 0
1809 15 0 0 5 0 0 5 0 0
1811 10 0 0 0 0 0 0 0 0
1817 10 1 1 0 0 0 0 0 0
1826 12 1 1 9 0 0 0 0 0
1833 150 2 2 26 0 0 52 0 0
1907 10 0 0 5 0 0 0 0 0
1912 10 0 0 5 0 0 0 0 0
1914 20 0 0 5 0 0 0 0 0
1920 10 1 1 0 0 0 0 0 0
1931 10 0 0 5 0 0 0 0 0
1937 15 0 0 5 0 0 0 0 0
1938 20 0 0 5 0 0 0 0 0
1939 10 0 0 5 0 0 5 0 0
1959 229 2 2 44 0 0 10 0 0
1961 87 0 0 41 6 6 0 0 0
1965 25 1 1 15 0 0 0 0 0
1966 30 0 0 10 0 0 5 0 0
1975 60 1 1 2 0 0 28 0 0
1978 35 0 0 10 0 0 0 0 0
1982 15 0 0 0 0 0 0 0 0
1987 2 0 0 0 0 0 0 0 0
1988 2 0 0 0 0 0 0 0 0
1991 4 0 0 0 0 0 0 0 0
1994 14 0 0 6 0 0 0 0 0
1997 6 0 0 2 0 0 0 0 0
1998 12 0 0 4 0 0 0 0 0
2003 19 0 0 0 0 0 0 0 0
2026 144 1 1 120 0 0 0 0 0
fl=/build/glibc-bQZRxl/glibc-2.23/elf/dl-lookup.c
fn=_dl_lookup_symbol_x
568 382192 1 1 92913 1876 1603 4216 0 0
569 363220 0 0 0 0 0 0 0 0
806 18972 1 1 0 0 0 14756 2 2
808 2108 0 0 0 0 0 2108 2 2
809 4216 0 0 0 0 0 4216 0 0
812 4216 1 1 4216 3 2 0 0 0
816 10496 0 0 4194 0 0 0 0 0
820 14756 1 1 6324 0 0 4216 0 0
821 6324 0 0 2108 0 0 0 0 0
823 4216 0 0 4216 0 0 0 0 0
827 8532 0 0 20 0 0 2108 0 0
829 31620 1 1 18972 0 0 21080 3 2
832 6324 0 0 0 0 0 0 0 0
835 20 0 0 0 0 0 0 0 0
858 8432 0 0 4216 0 0 0 0 0
860 160 2 2 60 0 0 0 0 0
876 40 0 0 20 0 0 20 0 0
877 40 0 0 0 0 0 0 0 0
880 4176 0 0 4176 0 0 0 0 0
881 14616 0 0 4176 0 0 0 0 0
912 2088 0 0 0 0 0 2088 0 0
921 10440 1 1 2088 0 0 0 0 0
935 6264 0 0 2088 13 4 0 0 0
936 2 1 1 0 0 0 1 0 0
938 10440 0 0 6264 0 0 0 0 0
943 4176 0 0 2088 0 0 2088 0 0
945 12648 1 1 10540 0 0 0 0 0
fn=_dl_setup_hash
953 49 2 2 0 0 0 35 1 1
956 21 0 0 7 0 0 0 0 0
960 7 0 0 7 0 0 0 0 0
964 14 0 0 7 7 7 7 0 0
965 7 0 0 7 0 0 0 0 0
966 7 0 0 7 3 3 0 0 0
968 21 0 0 0 0 0 0 0 0
969 7 0 0 0 0 0 7 0 0
970 21 0 0 7 0 0 7 0 0
972 7 0 0 0 0 0 7 0 0
973 7 1 1 0 0 0 0 0 0
975 7 0 0 0 0 0 7 0 0
977 21 0 0 0 0 0 7 0 0
991 42 0 0 35 0 0 0 0 0
fn=check_match
92 20890 2 2 4178 46 22 12534 3 3
95 20890 0 0 6267 6 4 0 0 0
107 6264 1 1 4176 0 0 2088 16 7
110 8838 0 0 2196 1 0 162 3 1
114 4176 0 0 4176 7 2 0 0 0
115 4176 0 0 0 0 0 0 0 0
117 4172 1 1 0 0 0 0 0 0
136 4172 0 0 4172 37 19 0 0 0
137 16688 0 0 8344 14 4 0 0 0
138 18774 0 0 6258 0 0 6258 3 1
165 4 1 1 0 0 0 0 0 0
167 12 0 0 4 1 0 0 0 0
168 8 0 0 2 0 0 0 0 0
171 2 0 0 0 0 0 0 0 0
172 7 0 0 3 0 0 1 0 0
174 2 0 0 1 0 0 1 0 0
176 2089 0 0 0 0 0 0 0 0
183 14620 1 1 10445 0 0 2086 0 0
fn=do_lookup_x
191 280 0 0 0 0 0 70 0 0
192 720 1 1 145 0 0 0 0 0
193 500 0 0 250 41 41 0 0 0
195 196 0 0 0 0 0 0 0 0
196 196 0 0 0 0 0 0 0 0
197 528 2 2 120 0 0 0 0 0
200 304 0 0 152 0 0 152 0 0
201 152 0 0 0 0 0 152 0 0
202 304 1 1 152 0 0 152 0 0
203 314 1 1 70 0 0 152 0 0
220 244 0 0 122 0 0 122 0 0
222 1098 1 1 244 2 0 488 0 0
224 488 0 0 122 2 0 122 0 0
225 366 0 0 122 0 0 122 0 0
226 366 0 0 0 0 0 0 0 0
228 2277 1 1 616 0 0 242 0 0
229 726 0 0 121 0 0 0 0 0
232 586 1 1 253 45 14 80 0 0
233 400 1 1 200 0 0 120 0 0
235 160 0 0 80 0 0 0 0 0
245 120 0 0 80 0 0 40 0 0
246 80 0 0 40 0 0 40 0 0
248 200 0 0 120 0 0 80 0 0
252 771 0 0 213 0 0 0 0 0
256 462 0 0 132 0 0 0 0 0
257 132 0 0 66 0 0 0 0 0
260 810 0 0 486 0 0 0 0 0
267 12 1 1 2 0 0 4 0 0
268 12 0 0 2 0 0 8 0 0
270 8 0 0 0 0 0 0 0 0
277 208 1 1 98 0 0 6 0 0
278 276 0 0 92 1 0 0 0 0
279 420 0 0 210 0 0 140 0 0
283 14 0 0 8 0 0 4 0 0
284 2 0 0 0 0 0 2 0 0
286 6 0 0 2 0 0 2 0 0
287 28 0 0 10 1 0 4 0 0
303 3 0 0 1 0 0 0 0 0
311 4557 0 0 0 0 0 1 0 0
312 7 0 0 1 0 0 4 0 0
313 3 0 0 0 0 0 0 0 0
316 1 0 0 0 0 0 1 0 0
317 1 0 0 0 0 0 1 0 0
318 25 2 2 3 1 0 1 0 0
321 246 0 0 82 0 0 0 0 0
322 492 2 2 328 0 0 0 0 0
329 328 0 0 82 0 0 0 0 0
332 66 0 0 0 0 0 0 0 0
334 246 1 1 246 0 0 0 0 0
339 328 0 0 246 0 0 164 0 0
341 246 0 0 164 0 0 82 0 0
342 164 0 0 0 0 0 82 0 0
355 27404 1 1 4216 0 0 18972 7 6
361 4216 0 0 2108 3 2 2108 0 0
362 2108 0 0 2108 0 0 0 0 0
366 13290 0 0 13290 24 10 0 0 0
369 13290 0 0 6645 0 0 0 0 0
373 26586 0 0 6648 0 0 6645 0 0
377 13288 1 1 6644 22 8 0 0 0
381 19932 0 0 13288 2 2 0 0 0
382 4216 1 1 0 0 0 2108 0 0
383 6324 0 0 0 0 0 2108 0 0
387 26576 0 0 6644 5 0 6644 0 0
391 6644 1 1 0 0 0 6644 0 0
392 6644 0 0 0 0 0 6644 0 0
395 19932 0 0 13288 45 16 6644 0 0
396 19932 0 0 13288 0 0 6644 0 0
399 6644 0 0 6644 0 0 0 0 0
400 13288 0 0 0 0 0 0 0 0
402 19932 0 0 19932 739 141 0 0 0
403 6324 0 0 0 0 0 2108 0 0
410 79728 1 1 13288 0 0 0 0 0
413 11680 1 1 7008 1006 204 0 0 0
415 4672 0 0 0 0 0 0 0 0
417 4560 0 0 2280 0 0 0 0 0
420 26260 0 0 5252 1491 423 0 0 0
422 6267 0 0 2089 0 0 0 0 0
423 49575 2 2 18801 0 0 27921 2 0
427 6271 1 1 2 0 0 0 0 0
430 9495 0 0 0 0 0 0 0 0
439 10435 1 1 4174 0 0 4174 0 0
461 388 0 0 194 0 0 1 0 0
463 4 0 0 0 0 0 1 0 0
469 6264 1 1 2088 0 0 0 0 0
519 14848 0 0 4176 0 0 2088 0 0
523 5788 0 0 2894 0 0 0 0 0
535 5898 1 1 3932 0 0 1966 0 0
536 1966 0 0 0 0 0 1966 0 0
537 1966 0 0 0 0 0 0 0 0
542 162 0 0 0 0 0 0 0 0
553 40140 0 0 13380 2 1 0 0 0
554 1038 0 0 0 0 0 173 0 0
555 579 2 2 386 0 0 0 0 0
557 13671 1 1 4557 0 0 0 0 0
560 20 0 0 0 0 0 0 0 0
561 12648 0 0 10540 0 0 0 0 0
fl=/build/glibc-bQZRxl/glibc-2.23/elf/dl-minimal.c
fn=__libc_memalign
52 280 1 1 80 0 0 160 4 4
53 159 0 0 79 2 0 0 0 0
58 5 0 0 0 0 0 1 0 0
59 2 1 1 1 0 0 0 0 0
64 160 0 0 0 0 0 40 0 0
67 264 1 1 0 0 0 0 0 0
71 16 0 0 4 0 0 0 0 0
72 8 0 0 0 0 0 0 0 0
78 32 0 0 0 0 0 28 0 0
80 24 0 0 8 0 0 0 0 0
84 12 0 0 0 0 0 4 0 0
87 40 0 0 0 0 0 40 0 0
88 40 0 0 0 0 0 40 0 0
90 200 0 0 160 0 0 0 0 0
fn=calloc
103 119 2 2 34 0 0 68 1 1
107 34 0 0 0 0 0 0 0 0
111 68 0 0 0 0 0 0 0 0
114 68 0 0 0 0 0 34 0 0
115 68 0 0 68 0 0 0 0 0
fn=free
120 15 1 1 0 0 0 9 0 0
122 9 0 0 6 0 0 0 0 0
129 12 0 0 9 0 0 0 0 0
fn=malloc
94 156 0 0 0 0 0 78 0 0
95 117 0 0 39 0 0 117 2 2
96 117 0 0 78 0 0 0 0 0
fn=strsep
351 16 1 1 2 0 0 10 0 0
354 6 0 0 2 0 0 0 0 0
356 4 0 0 4 0 0 0 0 0
357 4 0 0 0 0 0 0 0 0
361 91 1 1 15 0 0 0 0 0
366 56 0 0 0 0 0 0 0 0
368 112 0 0 28 0 0 0 0 0
376 14 0 0 0 0 0 0 0 0
379 2 0 0 1 0 0 1 0 0
383 14 0 0 10 0 0 0 0 0
fl=/build/glibc-bQZRxl/glibc-2.23/elf/dl-misc.c
fn=_dl_higher_prime_number
307 8 1 1 0 0 0 6 0 0
344 2 0 0 0 0 0 0 0 0
345 2 0 0 0 0 0 0 0 0
347 22 0 0 0 0 0 0 0 0
349 80 0 0 0 0 0 0 0 0
350 27 0 0 10 2 1 0 0 0
351 3 0 0 0 0 0 0 0 0
365 2 0 0 2 0 0 0 0 0
366 8 0 0 6 0 0 0 0 0
fn=_dl_name_match_p
288 1960 1 1 0 0 0 1120 0 0
289 1960 1 1 280 0 0 840 2 1
290 18 0 0 0 0 0 0 0 0
292 280 0 0 280 0 0 0 0 0
294 1114 0 0 0 0 0 0 0 0
295 2065 0 0 295 23 8 885 0 0
298 277 0 0 277 0 0 0 0 0
300 262 0 0 0 0 0 0 0 0
301 1120 0 0 1120 0 0 0 0 0
fn=_dl_sysdep_read_whole_file
45 6 1 1 0 0 0 3 0 0
52 3 0 0 0 0 0 3 0 0
53 3 0 0 0 0 0 0 0 0
55 10 1 1 0 0 0 4 0 0
57 2 0 0 1 0 0 1 0 0
60 2 0 0 0 0 0 0 0 0
62 11 1 1 0 0 0 7 0 0
73 4 0 0 0 0 0 2 0 0
76 6 0 0 4 0 0 0 0 0
fl=/build/glibc-bQZRxl/glibc-2.23/elf/dl-object.c
fn=_dl_add_to_namespace_list
32 54 2 2 0 0 0 36 0 0
34 18 0 0 6 0 0 12 0 0
36 64 0 0 12 0 0 0 0 0
39 60 0 0 20 0 0 0 0 0
41 5 0 0 0 0 0 5 0 0
43 5 0 0 0 0 0 5 0 0
46 2 0 0 0 0 0 1 0 0
47 18 1 1 6 0 0 0 0 0
48 24 0 0 12 0 0 12 0 0
49 24 0 0 0 0 0 12 0 0
51 18 0 0 6 0 0 12 0 0
52 36 0 0 30 0 0 0 0 0
fn=_dl_new_object
61 66 2 2 6 0 0 48 1 1
62 36 0 0 0 0 0 24 0 0
68 78 2 2 12 0 0 0 0 0
75 48 1 1 6 0 0 24 0 0
78 18 0 0 0 0 0 0 0 0
81 6 0 0 0 0 0 6 2 2
82 18 0 0 6 0 0 6 6 6
85 12 0 0 0 0 0 6 1 1
87 54 1 1 18 0 0 36 2 2
89 6 0 0 0 0 0 6 0 0
97 42 0 0 24 0 0 6 0 0
98 36 0 0 12 4 4 6 0 0
101 12 1 1 6 0 0 0 0 0
102 17 0 0 5 0 0 6 6 6
103 6 0 0 0 0 0 6 0 0
107 12 0 0 6 0 0 6 0 0
110 67 0 0 0 0 0 0 0 0
112 16 0 0 0 0 0 16 2 2
122 12 0 0 0 0 0 6 0 0
123 6 1 1 0 0 0 6 5 5
128 24 0 0 12 0 0 0 0 0
130 21 0 0 0 0 0 5 0 0
133 14 1 1 0 0 0 0 0 0
137 18 0 0 6 0 0 0 0 0
141 30 1 1 0 0 0 0 0 0
143 4 1 1 1 0 0 0 0 0
149 1 0 0 0 0 0 1 0 0
152 12 0 0 0 0 0 6 0 0
155 18 1 1 0 0 0 6 0 0
157 45 0 0 5 0 0 20 0 0
161 15 0 0 5 0 0 0 0 0
165 20 0 0 5 0 0 10 0 0
166 25 0 0 0 0 0 0 0 0
168 1 1 1 0 0 0 0 0 0
207 5 1 1 0 0 0 5 0 0
211 117 0 0 15 0 0 20 0 0
216 82 0 0 0 0 0 0 0 0
217 174 0 0 82 0 0 0 0 0
222 10 0 0 0 0 0 5 0 0
225 10 0 0 0 0 0 5 0 0
229 36 0 0 30 0 0 0 0 0
fl=/build/glibc-bQZRxl/glibc-2.23/elf/dl-open.c
fn=_dl_find_dso_for_object
178 8 1 1 0 0 0 5 0 0
182 8 1 1 1 0 0 4 0 0
183 17 1 1 6 0 0 0 0 0
184 18 0 0 9 1 0 0 0 0
185 2 0 0 1 0 0 0 0 0
188 3 1 1 2 0 0 0 0 0
192 6 0 0 5 0 0 0 0 0
fl=/build/glibc-bQZRxl/glibc-2.23/elf/dl-profstub.c
fn=_dl_mcount_wrapper_check
37 256 1 1 0 0 0 128 0 0
38 512 1 1 256 0 0 0 0 0
40 128 0 0 128 0 0 0 0 0
fl=/build/glibc-bQZRxl/glibc-2.23/elf/dl-reloc.c
fn=_dl_protect_relro
312 36 1 1 0 0 0 24 0 0
313 48 1 1 18 0 0 6 0 0
316 12 0 0 6 0 0 0 0 0
320 12 0 0 0 0 0 0 0 0
321 60 0 0 0 0 0 24 0 0
327 30 0 0 24 0 0 0 0 0
fn=_dl_relocate_object
149 63 2 2 7 0 0 35 0 0
156 7 0 0 0 0 0 7 0 0
159 21 0 0 7 0 0 7 0 0
160 56 1 1 7 0 0 14 0 0
164 21 0 0 7 0 0 7 0 0
165 35 0 0 14 2 0 0 0 0
171 14 0 0 7 0 0 0 0 0
177 21 0 0 7 0 0 0 0 0
178 21 1 1 7 6 0 0 0 0
181 21 1 1 14 0 0 0 0 0
188 21 0 0 7 0 0 0 0 0
232 21 0 0 14 0 0 7 0 0
258 901 5 5 180 18 0 193 0 0
261 28 0 0 14 0 0 0 0 0
285 7 0 0 7 0 0 0 0 0
288 21 0 0 7 0 0 0 0 0
305 21 0 0 7 1 0 0 0 0
306 12 0 0 0 0 0 6 0 0
307 42 0 0 35 0 0 0 0 0
fl=/build/glibc-bQZRxl/glibc-2.23/elf/dl-runtime.c
fn=_dl_fixup
66 792 1 1 0 0 0 495 0 0
68 99 0 0 99 0 0 0 0 0
69 396 0 0 198 6 4 198 0 0
71 198 1 1 99 9 4 0 0 0
72 99 0 0 99 7 4 0 0 0
73 693 0 0 198 78 23 99 0 0
74 297 0 0 198 13 4 0 0 0
79 198 0 0 0 0 0 0 0 0
83 297 0 0 99 90 37 0 0 0
87 297 1 1 99 8 4 0 0 0
91 99 0 0 99 8 4 0 0 0
92 396 0 0 198 74 21 0 0 0
94 396 0 0 99 21 9 0 0 0
100 99 0 0 0 0 0 0 0 0
101 297 1 1 99 1 1 0 0 0
111 1188 0 0 297 26 13 594 1 1
115 396 0 0 99 0 0 0 0 0
125 594 0 0 198 0 0 0 0 0
133 99 0 0 99 0 0 0 0 0
141 396 1 1 99 0 0 0 0 0
145 396 0 0 198 0 0 0 0 0
149 594 0 0 495 0 0 0 0 0
fl=/build/glibc-bQZRxl/glibc-2.23/elf/dl-tls.c
fn=_dl_add_to_slotinfo
890 16 1 1 2 0 0 10 0 0
896 4 0 0 2 0 0 0 0 0
899 2 0 0 2 1 0 0 0 0
904 8 0 0 2 1 0 0 0 0
945 2 0 0 0 0 0 2 0 0
946 6 1 1 2 0 0 2 0 0
947 12 0 0 10 0 0 0 0 0
fn=_dl_allocate_tls_init
449 7 2 2 0 0 0 5 0 0
450 3 0 0 0 0 0 1 0 0
454 2 0 0 1 1 0 1 0 0
456 1 0 0 0 0 0 1 0 0
457 1 0 0 0 0 0 1 0 0
460 3 0 0 2 1 0 0 0 0
472 3 0 0 1 0 0 1 0 0
477 17 1 1 11 0 0 0 0 0
483 28 1 1 11 0 0 4 0 0
486 2 0 0 2 0 0 0 0 0
487 4 0 0 0 0 0 0 0 0
493 8 1 1 6 0 0 0 0 0
494 8 0 0 2 0 0 2 0 0
496 8 0 0 4 1 0 2 0 0
497 2 0 0 0 0 0 2 0 0
499 6 0 0 0 0 0 0 0 0
500 2 0 0 2 0 0 0 0 0
503 4 1 1 0 0 0 0 0 0
504 8 0 0 4 0 0 0 0 0
506 6 0 0 0 0 0 2 0 0
515 32 1 1 6 0 0 16 0 0
529 3 1 1 2 0 0 1 0 0
531 1 0 0 1 0 0 0 0 0
532 6 0 0 5 0 0 0 0 0
fn=_dl_allocate_tls_storage
354 6 1 1 0 0 0 4 0 0
356 1 0 0 1 0 0 0 0 0
367 3 0 0 1 0 0 3 0 0
368 3 0 0 0 0 0 0 0 0
375 2 1 1 0 0 0 0 0 0
379 313 0 0 0 0 0 305 19 19
390 2 0 0 0 0 0 1 0 0
391 2 0 0 0 0 0 0 0 0
396 5 0 0 4 0 0 0 0 0
fn=_dl_count_modids
110 2 1 1 0 0 0 1 0 0
115 2 0 0 1 0 0 0 0 0
116 2 0 0 2 0 0 0 0 0
fn=_dl_determine_tlsoffset
138 8 1 1 0 0 0 6 0 0
144 3 1 1 1 0 0 0 0 0
147 3 0 0 1 0 0 0 0 0
149 2 0 0 0 0 0 1 0 0
183 15 0 0 9 0 0 0 0 0
185 13 1 1 3 0 0 6 0 0
187 10 1 1 2 0 0 0 0 0
188 2 1 1 2 0 0 0 0 0
190 10 0 0 2 0 0 2 0 0
192 12 0 0 6 0 0 2 0 0
208 16 1 1 2 0 0 2 0 0
210 12 0 0 4 0 0 0 0 0
220 2 0 0 0 0 0 2 0 0
223 10 1 1 3 0 0 1 0 0
224 2 0 0 1 0 0 1 0 0
275 2 0 0 1 0 0 1 0 0
276 6 0 0 5 0 0 0 0 0
fn=_dl_next_tls_modid
49 14 1 1 0 0 0 10 0 0
52 10 0 0 4 0 0 2 1 1
100 2 0 0 0 0 0 2 0 0
104 12 0 0 10 0 0 0 0 0
fn=allocate_dtv
314 6 1 1 0 0 0 4 0 0
321 2 0 0 1 0 0 0 0 0
322 5 0 0 0 0 0 3 0 0
323 3 0 0 0 0 0 0 0 0
326 1 0 0 0 0 0 1 1 1
332 2 0 0 0 0 0 1 0 0
338 5 0 0 4 0 0 0 0 0
fl=/build/glibc-bQZRxl/glibc-2.23/elf/dl-version.c
fn=_dl_check_all_versions
380 5 1 1 0 0 0 4 0 0
384 28 0 0 7 0 0 0 0 0
385 7 0 0 0 0 0 0 0 0
386 70 1 1 7 0 0 7 0 0
389 7 0 0 5 0 0 0 0 0
fn=_dl_check_map_versions
56 160 1 1 44 0 0 0 0 0
57 47 0 0 47 0 0 0 0 0
58 301 0 0 0 0 0 69 0 0
174 56 2 2 0 0 0 35 0 0
175 2 0 0 0 0 0 2 0 0
183 2 0 0 0 0 0 2 0 0
189 35 0 0 7 0 0 7 0 0
190 1 0 0 0 0 0 0 0 0
191 35 0 0 7 0 0 28 0 0
193 21 0 0 7 0 0 7 0 0
194 21 0 0 7 0 0 7 0 0
196 14 1 1 0 0 0 0 0 0
199 15 0 0 10 0 0 5 0 0
203 30 0 0 5 5 5 15 0 0
220 33 0 0 33 0 0 0 0 0
228 33 1 1 11 0 0 0 0 0
233 55 0 0 33 0 0 0 0 0
237 774 1 1 508 6 6 243 0 0
244 136 0 0 34 0 0 0 0 0
247 113 1 1 34 6 6 11 0 0
252 23 0 0 0 0 0 0 0 0
256 44 0 0 22 0 0 0 0 0
261 12 0 0 0 0 0 6 0 0
262 6 0 0 0 0 0 0 0 0
270 21 2 2 7 0 0 0 0 0
273 25 0 0 25 0 0 0 0 0
276 402 0 0 98 8 8 5 0 0
279 304 0 0 98 3 3 5 0 0
283 93 0 0 0 0 0 0 0 0
287 24 1 1 12 0 0 0 0 0
292 12 0 0 6 0 0 6 0 0
293 48 0 0 12 0 0 18 0 0
294 18 1 1 0 0 0 0 0 0
302 6 0 0 0 0 0 6 0 0
305 18 0 0 12 0 0 6 0 0
307 18 0 0 6 0 0 0 0 0
310 25 0 0 15 0 0 5 0 0
314 44 0 0 11 0 0 11 0 0
317 34 1 1 34 0 0 0 0 0
319 136 0 0 0 0 0 0 0 0
321 136 0 0 68 0 0 34 0 0
322 102 0 0 0 0 0 34 12 12
323 102 0 0 34 0 0 34 0 0
324 136 0 0 68 0 0 34 0 0
327 113 1 1 45 0 0 0 0 0
332 23 0 0 0 0 0 0 0 0
335 33 0 0 11 0 0 0 0 0
340 6 0 0 0 0 0 0 0 0
341 11 0 0 5 0 0 0 0 0
345 18 0 0 6 0 0 0 0 0
348 25 0 0 20 0 0 0 0 0
352 93 0 0 93 0 0 0 0 0
354 196 0 0 98 0 0 0 0 0
359 558 0 0 186 0 0 93 23 23
360 279 0 0 93 0 0 93 0 0
361 93 0 0 0 0 0 93 0 0
364 300 1 1 104 0 0 0 0 0
368 93 0 0 0 0 0 0 0 0
374 42 0 0 35 0 0 0 0 0
fn=match_symbol
76 340 2 2 0 0 0 204 0 0
77 102 0 0 102 0 0 0 0 0
85 68 0 0 34 0 0 0 0 0
91 136 0 0 68 0 0 0 0 0
106 34 0 0 34 1 0 0 0 0
107 68 0 0 0 0 0 0 0 0
109 68 0 0 68 0 0 0 0 0
114 658 1 1 329 22 22 0 0 0
128 658 0 0 329 9 9 0 0 0
133 408 2 2 136 2 2 136 0 0
140 885 0 0 295 10 10 0 0 0
144 295 0 0 0 0 0 0 0 0
168 204 0 0 170 0 0 0 0 0
fl=/build/glibc-bQZRxl/glibc-2.23/elf/do-rel.h
fn=_dl_relocate_object
46 14 0 0 0 0 0 0 0 0
47 56 0 0 0 0 0 28 0 0
58 28 0 0 0 0 0 0 0 0
61 2729 1 1 943 0 0 0 0 0
83 44 0 0 22 0 0 22 0 0
84 44 1 1 44 0 0 0 0 0
86 60 0 0 16 0 0 8 0 0
98 42 0 0 28 0 0 0 0 0
105 85 1 1 30 0 0 28 0 0
108 44 0 0 16 1 1 0 0 0
111 6088 1 1 5 0 0 0 0 0
112 4036 1 1 2018 160 157 0 0 0
118 88 1 1 44 5 0 0 0 0
121 38 0 0 19 2 0 19 0 0
124 12923 2 2 9687 0 0 0 0 0
136 19266 0 0 12844 1449 614 0 0 0
137 10430 0 0 3211 0 0 0 0 0
138 9633 0 0 6422 0 0 3211 0 0
139 9633 1 1 6422 0 0 3211 0 0
160 26 2 2 10 0 0 1 0 0
170 25 0 0 10 0 0 0 0 0
171 15 0 0 10 1 1 5 0 0
fn=_dl_start
83 2 0 0 1 0 0 1 0 0
84 1 0 0 1 0 0 0 0 0
111 35 1 1 1 0 0 0 0 0
112 23 0 0 12 1 1 0 0 0
116 4 0 0 1 0 0 0 0 0
124 25 1 1 7 0 0 2 0 0
136 6 0 0 6 0 0 0 0 0
137 42 1 1 18 0 0 6 0 0
fl=/build/glibc-bQZRxl/glibc-2.23/elf/get-dynamic-info.h
fn=_dl_map_object_from_fd
39 10 0 0 0 0 0 0 0 0
43 5 0 0 0 0 0 0 0 0
45 402 1 1 134 22 22 0 0 0
47 258 0 0 0 0 0 0 0 0
60 129 0 0 0 0 0 0 0 0
61 202 0 0 0 0 0 124 16 16
62 20 0 0 0 0 0 0 0 0
65 20 1 1 0 0 0 0 0 0
68 20 1 1 0 0 0 0 0 0
70 15 0 0 0 0 0 5 1 1
71 129 0 0 0 0 0 0 0 0
78 15 0 0 5 0 0 0 0 0
98 19 0 0 9 0 0 0 0 0
99 25 1 1 15 0 0 0 0 0
100 25 0 0 15 0 0 0 0 0
101 25 0 0 15 0 0 0 0 0
103 15 0 0 5 0 0 0 0 0
106 25 1 1 15 0 0 0 0 0
108 25 0 0 15 0 0 0 0 0
109 23 0 0 13 0 0 0 0 0
110 25 1 1 15 0 0 0 0 0
116 15 0 0 5 0 0 0 0 0
123 15 0 0 5 0 0 0 0 0
128 15 1 1 5 0 0 0 0 0
132 15 0 0 5 0 0 0 0 0
133 15 0 0 10 0 0 0 0 0
145 15 0 0 5 0 0 0 0 0
150 4 0 0 2 0 0 2 0 0
152 4 0 0 0 0 0 0 0 0
154 4 0 0 0 0 0 0 0 0
156 4 0 0 0 0 0 0 0 0
159 15 1 1 5 0 0 0 0 0
161 3 0 0 1 0 0 1 0 0
169 3 0 0 2 0 0 0 0 0
174 2 1 1 0 0 0 0 0 0
177 15 0 0 5 0 0 0 0 0
fn=_dl_start
45 58 0 0 19 3 3 0 0 0
47 36 0 0 0 0 0 0 0 0
60 20 0 0 0 0 0 0 0 0
61 29 0 0 0 0 0 17 3 3
62 4 1 1 0 0 0 0 0 0
65 4 2 2 0 0 0 0 0 0
68 4 1 1 0 0 0 0 0 0
70 3 0 0 0 0 0 1 1 1
71 18 0 0 0 0 0 0 0 0
78 2 0 0 0 0 0 0 0 0
98 4 0 0 2 0 0 0 0 0
99 4 0 0 2 0 0 0 0 0
100 4 1 1 2 0 0 0 0 0
101 4 0 0 2 0 0 0 0 0
106 4 0 0 2 0 0 0 0 0
108 4 0 0 2 0 0 0 0 0
109 4 0 0 2 0 0 0 0 0
110 4 1 1 2 0 0 0 0 0
116 3 0 0 1 0 0 0 0 0
119 2 0 0 1 0 0 0 0 0
132 3 0 0 1 0 0 0 0 0
133 3 0 0 2 0 0 0 0 0
137 3 1 1 1 0 0 0 0 0
139 3 0 0 1 0 0 0 0 0
142 3 0 0 1 0 0 0 0 0
143 3 1 1 1 0 0 0 0 0
fn=dl_main
30 2 1 1 2 0 0 0 0 0
39 2 0 0 0 0 0 0 0 0
43 1 0 0 0 0 0 0 0 0
45 78 0 0 26 4 4 0 0 0
47 50 1 1 0 0 0 0 0 0
60 17 0 0 0 0 0 0 0 0
61 33 0 0 0 0 0 24 3 3
62 4 0 0 0 0 0 0 0 0
65 5 1 1 0 0 0 0 0 0
68 4 1 1 0 0 0 0 0 0
70 3 0 0 0 0 0 1 0 0
71 25 0 0 0 0 0 0 0 0
78 4 0 0 2 0 0 0 0 0
116 4 1 1 2 0 0 0 0 0
123 3 1 1 1 0 0 0 0 0
128 4 0 0 2 0 0 0 0 0
132 4 0 0 2 0 0 0 0 0
133 3 0 0 2 0 0 0 0 0
145 4 1 1 2 0 0 0 0 0
159 4 0 0 2 0 0 0 0 0
177 4 1 1 2 0 0 0 0 0
fl=/build/glibc-bQZRxl/glibc-2.23/elf/rtld.c
fn=_dl_initial_error_catch_tsd
661 26 1 1 0 0 0 13 0 0
663 13 0 0 0 0 0 0 0 0
664 13 0 0 13 0 0 0 0 0
fn=_dl_start
302 2 0 0 0 0 0 1 0 0
303 2 0 0 0 0 0 1 0 0
304 2 1 1 0 0 0 1 0 0
305 2 0 0 0 0 0 1 0 0
306 2 0 0 0 0 0 1 0 0
314 3 0 0 0 0 0 2 0 0
317 1 0 0 0 0 0 1 0 0
323 6 1 0 1 0 0 3 0 0
332 1 0 0 0 0 0 0 0 0
335 4 0 0 2 1 0 2 1 0
339 3 0 0 1 0 0 0 0 0
353 9 1 1 0 0 0 6 1 1
371 3 0 0 0 0 0 2 1 1
394 1 0 0 0 0 0 1 1 1
397 1 1 1 0 0 0 1 1 1
408 2 0 0 0 0 0 0 0 0
413 32 2 2 15 0 0 5 0 0
415 1 0 0 1 1 1 0 0 0
440 7 0 0 5 1 0 0 0 0
fn=dl_main
719 1 0 0 1 0 0 0 0 0
721 3 1 1 1 0 0 1 0 0
730 1 0 0 0 0 0 1 0 0
732 1 0 0 0 0 0 1 0 0
737 1 0 0 0 0 0 1 0 0
790 8 1 1 0 0 0 5 1 1
799 1 0 0 0 0 0 0 0 0
805 1 0 0 0 0 0 1 0 0
809 2 0 0 0 0 0 1 0 0
812 2 0 0 0 0 0 1 1 1
816 2 0 0 0 0 0 1 1 1
817 2 0 0 0 0 0 1 0 0
822 2 0 0 0 0 0 1 0 0
832 5 1 1 3 0 0 0 0 0
1033 10 1 1 1 0 0 4 0 0
1035 3 0 0 1 0 0 0 0 0
1036 2 1 1 1 0 0 1 0 0
1037 2 0 0 1 0 0 1 0 0
1038 3 0 0 2 0 0 1 0 0
1042 3 0 0 0 0 0 1 0 0
1043 5 0 0 2 0 0 1 0 0
1064 2 1 1 1 0 0 1 0 0
1065 1 0 0 0 0 0 1 0 0
1067 1 0 0 0 0 0 1 0 0
1069 1 0 0 1 0 0 0 0 0
1072 32 0 0 3 0 0 0 0 0
1073 71 1 1 9 4 4 0 0 0
1077 3 1 1 2 0 0 1 0 0
1078 1 0 0 0 0 0 0 0 0
1082 3 1 1 2 0 0 1 0 0
1083 1 0 0 0 0 0 0 0 0
1091 2 1 1 1 0 0 1 1 1
1092 2 0 0 2 0 0 0 0 0
1094 4 1 1 1 0 0 2 0 0
1101 3 0 0 1 0 0 0 0 0
1115 5 0 0 0 0 0 2 0 0
1119 1 0 0 0 0 0 1 0 0
1127 10 2 2 4 0 0 0 0 0
1128 10 0 0 5 0 0 3 0 0
1129 4 0 0 2 0 0 0 0 0
1130 1 0 0 0 0 0 1 0 0
1133 4 0 0 2 1 1 0 0 0
1134 4 0 0 2 0 0 0 0 0
1135 2 0 0 0 0 0 2 0 0
1136 6 0 0 3 0 0 0 0 0
1137 2 0 0 0 0 0 1 0 0
1164 3 0 0 2 0 0 1 0 0
1165 1 0 0 0 0 0 0 0 0
1168 2 0 0 1 0 0 1 0 0
1169 2 0 0 1 1 1 1 0 0
1170 1 0 0 0 0 0 0 0 0
1175 5 1 1 3 0 0 0 0 0
1178 2 1 1 0 0 0 0 0 0
1180 2 0 0 0 0 0 0 0 0
1182 4 0 0 2 0 0 0 0 0
1188 4 2 2 3 0 0 0 0 0
1195 4 1 1 2 0 0 0 0 0
1196 14 0 0 5 0 0 5 0 0
1201 1 1 1 0 0 0 1 0 0
1203 1 0 0 0 0 0 1 0 0
1204 1 0 0 0 0 0 1 0 0
1206 4 0 0 2 0 0 0 0 0
1207 3 0 0 1 0 0 1 0 0
1211 3 0 0 2 0 0 0 0 0
1213 3 0 0 0 0 0 0 0 0
1218 2 1 1 1 0 0 1 0 0
1221 2 0 0 1 0 0 0 0 0
1237 6 1 1 1 0 0 2 0 0
1243 11 2 2 3 0 0 2 0 0
1248 3 2 2 2 0 0 1 0 0
1251 4 0 0 1 0 0 2 0 0
1253 1 0 0 0 0 0 1 0 0
1258 3 0 0 1 0 0 0 0 0
1261 4 0 0 3 0 0 1 0 0
1262 6 1 1 2 0 0 2 0 0
1263 3 0 0 2 0 0 1 0 0
1264 2 0 0 0 0 0 1 0 0
1265 1 0 0 1 0 0 0 0 0
1266 2 0 0 2 0 0 0 0 0
1271 2 0 0 1 1 1 0 0 0
1272 7 1 1 2 0 0 1 0 0
1289 3 0 0 2 1 1 0 0 0
1290 3 0 0 2 0 0 0 0 0
1292 4 1 1 2 0 0 0 0 0
1294 3 0 0 0 0 0 1 0 0
1295 2 0 0 1 0 0 1 0 0
1300 3 0 0 0 0 0 0 0 0
1301 5 0 0 1 1 1 0 0 0
1303 3 1 1 2 0 0 1 1 1
1304 2 0 0 1 1 1 1 0 0
1309 4 0 0 2 1 1 0 0 0
1314 4 1 1 2 0 0 0 0 0
1491 2 0 0 0 0 0 2 0 0
1499 4 0 0 2 0 0 0 0 0
1502 2 0 0 1 0 0 1 0 0
1506 4 0 0 2 0 0 0 0 0
1511 2 1 1 1 0 0 1 0 0
1512 2 0 0 0 0 0 1 0 0
1513 1 0 0 0 0 0 0 0 0
1517 4 1 1 2 0 0 0 0 0
1532 4 0 0 2 0 0 0 0 0
1533 1 0 0 0 0 0 0 0 0
1534 1 0 0 0 0 0 0 0 0
1536 4 0 0 2 0 0 0 0 0
1538 3 0 0 0 0 0 2 0 0
1539 7 1 1 2 0 0 3 0 0
1540 1 0 0 0 0 0 0 0 0
1542 7 0 0 4 0 0 2 0 0
1552 9 1 1 1 0 0 3 0 0
1629 4 0 0 2 0 0 0 0 0
1633 6 1 1 0 0 0 0 0 0
1634 1 0 0 0 0 0 0 0 0
1637 2 0 0 0 0 0 1 0 0
1638 1 0 0 1 0 0 0 0 0
1639 2 1 1 0 0 0 0 0 0
1640 2 0 0 0 0 0 0 0 0
1646 3 0 0 0 0 0 2 0 0
1647 12 1 1 2 0 0 4 0 0
1648 1 0 0 0 0 0 0 0 0
1650 7 0 0 5 0 0 2 0 0
1653 22 0 0 4 0 0 0 0 0
1654 21 1 1 14 0 0 0 0 0
1657 4 0 0 3 0 0 1 0 0
1658 4 1 1 1 0 0 0 0 0
1659 1 0 0 0 0 0 1 0 0
1661 17 0 0 0 0 0 0 0 0
1662 25 1 1 14 0 0 0 0 0
1672 2 1 1 0 0 0 1 0 0
1674 3 0 0 2 0 0 1 0 0
1675 3 0 0 1 0 0 0 0 0
1677 3 1 1 1 0 0 1 0 0
1679 3 0 0 0 0 0 0 0 0
1681 3 0 0 1 0 0 0 0 0
1682 1 0 0 1 0 0 0 0 0
1695 2 0 0 0 0 0 0 0 0
1696 2 0 0 1 0 0 1 0 0
1697 4 1 1 2 0 0 0 0 0
1708 5 0 0 1 0 0 1 0 0
1709 2 0 0 1 0 0 1 0 0
1710 7 1 1 1 0 0 2 0 0
1720 2 0 0 1 0 0 1 0 0
1721 3 0 0 1 0 0 0 0 0
1722 2 0 0 0 0 0 2 0 0
1724 4 0 0 2 0 0 0 0 0
1729 3 0 0 1 0 0 0 0 0
1959 4 0 0 2 0 0 0 0 0
2015 5 2 2 2 0 0 1 0 0
2019 4 0 0 2 0 0 2 0 0
2023 2 0 0 1 0 0 1 0 0
2026 2 0 0 1 0 0 0 0 0
2080 6 0 0 2 0 0 0 0 0
2087 1 0 0 1 0 0 0 0 0
2089 3 1 1 0 0 0 2 0 0
2090 6 0 0 2 0 0 1 0 0
2091 17 1 1 0 0 0 0 0 0
2093 21 0 0 21 0 0 0 0 0
2098 14 0 0 14 0 0 0 0 0
2100 16 0 0 0 0 0 0 0 0
2102 1 1 1 0 0 0 1 0 0
2103 1 0 0 1 0 0 0 0 0
2106 7 1 1 7 0 0 0 0 0
2108 14 0 0 7 0 0 0 0 0
2109 66 0 0 24 4 0 30 0 0
2113 41 0 0 11 4 0 0 0 0
2114 10 0 0 0 0 0 4 0 0
2116 1 0 0 0 0 0 0 0 0
2118 6 0 0 3 0 0 2 0 0
2124 3 0 0 1 0 0 0 0 0
2129 6 1 1 3 1 0 0 0 0
2131 2 0 0 2 0 0 0 0 0
2136 3 0 0 1 0 0 1 0 0
2139 3 0 0 2 0 0 0 0 0
2148 4 2 2 3 1 0 0 0 0
2150 3 0 0 1 0 0 0 0 0
2165 3 0 0 0 0 0 0 0 0
2167 2 0 0 2 0 0 0 0 0
2168 6 0 0 3 0 0 5 0 0
2169 1 0 0 0 0 0 0 0 0
2171 7 1 1 2 0 0 2 0 0
2179 1 0 0 0 0 0 1 0 0
2183 4 0 0 2 0 0 0 0 0
2203 4 0 0 0 0 0 1 0 0
2204 1 0 0 0 0 0 1 0 0
2205 1 0 0 0 0 0 1 0 0
2206 1 0 0 0 0 0 0 0 0
2210 1 0 0 0 0 0 1 0 0
2215 6 0 0 5 1 0 0 0 0
2383 2 1 1 1 0 0 1 0 0
2385 1 1 1 0 0 0 1 0 0
2386 1 0 0 0 0 0 1 0 0
2390 10 0 0 1 0 0 3 0 0
2392 15 1 1 3 0 0 3 1 1
2396 107 0 0 21 0 0 0 0 0
2397 19 0 0 0 0 0 0 0 0
2399 4 0 0 0 0 0 0 0 0
2405 14 1 1 4 2 2 0 0 0
2426 10 1 1 1 0 0 4 0 0
2433 10 2 2 1 0 0 4 0 0
2435 3 0 0 0 0 0 1 0 0
2480 4 1 1 2 0 0 0 0 0
2481 9 0 0 0 0 0 4 1 1
2483 3 1 1 0 0 0 1 1 1
2534 2 0 0 0 0 0 1 0 0
2543 2 0 0 0 0 0 1 0 0
2553 4 0 0 2 0 0 0 0 0
2583 4 0 0 2 0 0 0 0 0
fn=do_preload
670 9 2 2 0 0 0 6 0 0
672 1 0 0 0 0 0 1 0 0
676 1 0 0 0 0 0 1 0 0
677 1 0 0 0 0 0 1 0 0
678 1 0 0 0 0 0 1 0 0
680 1 0 0 1 0 0 0 0 0
682 9 1 1 0 0 0 3 1 1
683 5 0 0 3 0 0 0 0 0
693 3 0 0 1 0 0 0 0 0
697 6 0 0 5 0 0 0 0 0
fn=handle_ld_preload
108 3 0 0 1 0 0 0 0 0
113 1 1 1 0 0 0 1 0 0
757 8 1 1 1 0 0 5 0 0
758 1 0 0 0 0 0 1 1 1
762 6 0 0 2 0 0 0 0 0
766 2 0 0 0 0 0 0 0 0
768 8 0 0 1 0 0 5 1 1
769 4 0 0 1 0 0 1 0 0
776 4 0 0 0 0 0 0 0 0
779 2 0 0 1 0 0 0 0 0
780 8 2 2 4 0 0 2 0 0
783 7 0 0 6 0 0 0 0 0
fn=init_tls
589 7 0 0 0 0 0 4 0 0
591 2 1 1 1 0 0 1 0 0
595 2 0 0 1 0 0 0 0 0
604 1 0 0 0 0 0 1 0 0
605 7 0 0 0 0 0 5 0 0
610 1 0 0 0 0 0 0 0 0
611 2 0 0 0 0 0 1 0 0
612 1 0 0 0 0 0 1 0 0
616 3 0 0 1 1 1 0 0 0
617 1 0 0 0 0 0 0 0 0
618 17 1 1 1 0 0 0 0 0
619 14 0 0 7 0 0 0 0 0
620 14 0 0 7 1 0 0 0 0
624 2 0 0 0 0 0 2 0 0
626 2 0 0 0 0 0 0 0 0
628 2 1 1 0 0 0 0 0 0
631 1 0 0 0 0 0 1 0 0
638 2 0 0 0 0 0 1 0 0
639 2 0 0 0 0 0 0 0 0
645 2 1 1 1 0 0 1 0 0
648 12 0 0 2 0 0 3 0 0
651 1 0 0 0 0 0 1 0 0
653 2 0 0 0 0 0 0 0 0
654 5 1 1 4 0 0 0 0 0
fn=map_doit
496 3 1 1 1 0 0 1 0 0
498 1 0 0 1 0 0 0 0 0
499 10 0 0 2 0 0 5 0 0
501 3 0 0 2 0 0 0 0 0
fn=rtld_lock_default_lock_recursive
703 130 2 2 130 0 0 0 0 0
704 260 0 0 260 3 0 0 0 0
fn=rtld_lock_default_unlock_recursive
709 130 0 0 130 0 0 0 0 0
710 260 0 0 260 1 0 0 0 0
fn=version_check_doit
529 3 2 2 1 0 0 1 0 0
531 8 0 0 2 0 0 2 0 0
535 3 0 0 2 0 0 0 0 0
fl=/build/glibc-bQZRxl/glibc-2.23/elf/setup-vdso.h
fn=dl_main
24 4 0 0 2 0 0 0 0 0
fl=/build/glibc-bQZRxl/glibc-2.23/iconv/gconv_simple.c
fn=__gconv_btwoc_ascii
50 128 1 1 128 0 0 0 0 0
52 512 0 0 0 0 0 0 0 0
55 128 0 0 128 0 0 0 0 0
fl=/build/glibc-bQZRxl/glibc-2.23/io/../sysdeps/posix/isatty.c
fn=isatty
24 4 1 1 0 0 0 2 0 0
27 7 0 0 1 0 0 3 0 0
28 3 0 0 2 0 0 0 0 0
fl=/build/glibc-bQZRxl/glibc-2.23/io/../sysdeps/unix/syscall-template.S
fn=__write_nocancel
84 10 0 0 6 0 0 2 0 0
fn=access
84 48 1 1 12 0 0 0 0 0
fn=close
84 42 0 0 6 0 0 0 0 0
85 6 0 0 6 0 0 0 0 0
fn=open
84 225 1 1 100 0 0 25 0 0
85 6 1 1 6 0 0 0 0 0
fn=read
84 45 0 0 20 0 0 5 0 0
85 5 0 0 5 0 0 0 0 0
fn=write
84 2 1 1 1 0 0 0 0 0
fl=/build/glibc-bQZRxl/glibc-2.23/io/../sysdeps/unix/sysv/linux/fxstat64.c
fn=__fxstat64
33 6 1 1 0 0 0 6 0 0
35 48 1 1 12 0 0 6 0 0
41 12 0 0 12 0 0 0 0 0
fn=__fxstat64@@GLIBC_2.2
33 1 1 1 0 0 0 1 0 0
35 6 0 0 3 0 0 1 0 0
41 2 0 0 2 0 0 0 0 0
fl=/build/glibc-bQZRxl/glibc-2.23/io/../sysdeps/unix/sysv/linux/xstat64.c
fn=__xstat64
33 16 1 1 0 0 0 16 0 0
35 173 0 0 32 0 0 31 0 0
41 32 0 0 32 0 0 0 0 0
fl=/build/glibc-bQZRxl/glibc-2.23/libio/filedoalloc.c
fn=_IO_file_doallocate
78 5 1 1 3 1 1 1 0 0
79 3 0 0 1 0 0 2 0 0
80 2 0 0 1 0 0 1 0 0
95 8 1 1 1 0 0 5 0 0
110 13 1 1 4 1 1 3 0 0
112 4 0 0 1 0 0 0 0 0
115 9 1 1 0 0 0 0 0 0
117 6 1 1 2 0 0 0 0 0
123 3 0 0 1 0 0 0 0 0
127 3 0 0 0 0 0 2 0 0
128 3 0 0 0 0 0 0 0 0
130 6 0 0 0 0 0 5 0 0
131 2 0 0 0 0 0 0 0 0
132 6 0 0 5 0 0 0 0 0
fl=/build/glibc-bQZRxl/glibc-2.23/libio/fileops.c
fn=_IO_do_write@@GLIBC_2.1
492 8 1 1 2 0 0 2 0 0
494 12 0 0 2 0 0 1 0 0
495 6 1 1 4 0 0 0 0 0
fn=_IO_file_overflow@@GLIBC_2.1
807 7 2 2 2 0 0 4 0 0
808 3 0 0 1 0 0 0 0 0
815 2 0 0 0 0 0 0 0 0
818 3 1 1 1 0 0 0 0 0
820 3 1 1 0 0 0 2 0 0
821 7 1 1 2 0 0 3 0 0
830 2 0 0 0 0 0 0 0 0
839 4 1 1 2 0 0 0 0 0
841 1 0 0 0 0 0 1 0 0
842 1 0 0 0 0 0 1 0 0
843 1 0 0 0 0 0 1 0 0
844 2 0 0 0 0 0 2 0 0
846 3 0 0 0 0 0 1 0 0
847 5 0 0 1 0 0 0 0 0
850 2 0 0 0 0 0 0 0 0
851 8 0 0 0 0 0 4 0 0
852 1 1 1 1 0 0 0 0 0
863 4 0 0 4 0 0 0 0 0
fn=_IO_file_setbuf@@GLIBC_2.1
450 6 2 2 1 0 0 3 0 0
451 7 0 0 2 0 0 4 0 0
454 2 0 0 0 0 0 2 0 0
455 2 0 0 1 0 0 1 0 0
456 3 0 0 0 0 0 3 0 0
458 1 0 0 0 0 0 0 0 0
459 4 0 0 3 0 0 0 0 0
fn=_IO_file_stat
1229 1 1 1 0 0 0 0 0 0
1230 5 0 0 3 0 0 4 0 0
1231 2 0 0 1 0 0 0 0 0
fn=_IO_file_sync@@GLIBC_2.1
868 48 1 1 8 0 0 24 0 0
873 32 0 0 16 0 0 0 0 0
874 15 2 2 1 0 0 4 0 0
875 8 0 0 8 0 0 0 0 0
876 24 0 0 8 0 0 0 0 0
893 24 1 1 0 0 0 16 0 0
897 32 0 0 24 0 0 0 0 0
fn=_IO_file_write@@GLIBC_2.1
1256 7 0 0 2 0 0 4 0 0
1258 7 1 1 2 0 0 0 0 0
1262 3 1 1 1 0 0 0 0 0
1263 8 1 1 2 0 0 4 0 0
1264 2 0 0 0 0 0 0 0 0
1269 1 0 0 0 0 0 0 0 0
1270 1 0 0 0 0 0 0 0 0
1273 4 0 0 2 0 0 0 0 0
1276 6 0 0 5 0 0 0 0 0
fn=_IO_file_xsputn@@GLIBC_2.1
1280 35 1 1 10 0 0 20 0 0
1286 10 0 0 0 0 0 0 0 0
1287 5 0 0 0 0 0 0 0 0
1293 20 0 0 5 0 0 0 0 0
1299 12 0 0 0 0 0 0 0 0
1310 20 0 0 10 0 0 0 0 0
1311 8 0 0 0 0 0 0 0 0
1314 8 0 0 0 0 0 0 0 0
1319 28 0 0 4 0 0 20 0 0
1324 4 0 0 4 0 0 0 0 0
1325 16 0 0 0 0 0 0 0 0
1327 8 0 0 0 0 0 0 0 0
1331 9 1 1 3 0 0 3 0 0
1337 2 0 0 2 0 0 0 0 0
1338 7 0 0 0 0 0 0 0 0
1340 3 1 1 0 0 0 0 0 0
1351 2 0 0 0 0 0 0 0 0
1352 9 0 0 1 0 0 4 0 0
1354 10 1 1 0 0 0 0 0 0
1355 30 0 0 25 0 0 0 0 0
fn=new_do_write
501 6 1 1 0 0 0 3 0 0
503 2 0 0 1 0 0 0 0 0
510 4 1 1 2 0 0 0 0 0
518 9 0 0 3 0 0 4 0 0
519 6 0 0 1 0 0 0 0 0
521 4 0 0 1 0 0 3 0 0
522 2 0 0 0 0 0 2 0 0
523 1 0 0 0 0 0 1 0 0
524 3 1 1 1 0 0 0 0 0
525 4 0 0 2 0 0 0 0 0
527 5 0 0 4 0 0 0 0 0
fl=/build/glibc-bQZRxl/glibc-2.23/libio/genops.c
fn=_IO_cleanup
888 13 0 0 4 0 0 0 0 0
890 6 1 1 3 0 0 0 0 0
892 7 0 0 2 0 0 0 0 0
898 16 1 1 6 0 0 2 0 0
906 5 1 1 2 0 0 0 0 0
908 2 0 0 0 0 0 1 0 0
910 2 0 0 1 0 0 1 0 0
911 1 0 0 0 0 0 1 0 0
912 2 0 0 1 0 0 1 0 0
915 7 0 0 3 0 0 4 0 0
917 4 0 0 1 0 0 0 0 0
921 5 1 1 1 0 0 0 0 0
922 8 0 0 3 0 0 1 0 0
928 3 0 0 0 0 0 3 0 0
948 7 2 2 0 0 0 5 0 0
951 3 0 0 0 0 0 3 0 0
963 7 0 0 6 0 0 0 0 0
fn=_IO_default_setbuf
381 5 1 1 1 0 0 0 0 0
383 1 0 0 0 0 0 1 0 0
384 1 0 0 0 0 0 1 0 0
388 2 1 1 0 0 0 1 0 0
522 10 2 2 3 0 0 5 0 0
523 7 0 0 3 0 0 2 0 0
525 2 0 0 0 0 0 0 0 0
527 2 0 0 0 0 0 1 0 0
528 2 0 0 0 0 0 0 0 0
532 2 0 0 1 0 0 0 0 0
535 3 0 0 0 0 0 3 0 0
536 3 0 0 0 0 0 3 0 0
537 1 0 0 0 0 0 0 0 0
538 6 0 0 5 0 0 0 0 0
fn=_IO_default_xsputn
422 21 2 2 6 0 0 12 1 1
425 11 0 0 4 0 0 0 0 0
430 4 0 0 2 0 0 0 0 0
432 3 0 0 0 0 0 0 0 0
435 2 0 0 0 0 0 0 0 0
445 4 0 0 0 0 0 0 0 0
449 6 0 0 0 0 0 0 0 0
450 9 0 0 3 0 0 3 0 0
451 3 1 1 0 0 0 1 0 0
453 1 0 0 0 0 0 0 0 0
455 2 0 0 0 0 0 0 0 0
459 2 1 1 1 0 0 0 0 0
460 20 0 0 15 0 0 0 0 0
fn=_IO_doallocbuf
394 8 1 1 1 0 0 5 0 0
395 3 0 0 1 0 0 0 0 0
397 3 0 0 1 0 0 0 0 0
398 8 1 1 3 0 0 2 0 0
401 6 0 0 5 0 0 0 0 0
fn=_IO_flush_all_lockp
760 8 2 2 1 0 0 5 0 0
766 4 1 1 0 0 0 2 0 0
771 1 0 0 1 0 0 0 0 0
772 1 1 1 1 1 1 0 0 0
773 8 0 0 0 0 0 0 0 0
775 3 0 0 0 0 0 3 0 0
776 6 1 1 0 0 0 0 0 0
777 3 1 1 1 0 0 1 0 0
779 18 1 1 9 2 2 0 0 0
789 6 1 1 0 0 0 0 0 0
791 3 0 0 0 0 0 3 0 0
793 11 1 1 3 0 0 0 0 0
800 3 0 0 3 1 1 0 0 0
804 2 0 0 0 0 0 0 0 0
806 3 0 0 1 0 0 0 0 0
810 7 0 0 6 0 0 0 0 0
fn=_IO_no_init
599 10 1 1 3 0 0 5 0 0
600 3 1 1 1 0 0 3 0 0
601 1 0 0 0 0 0 1 0 0
603 3 0 0 0 0 0 0 0 0
623 1 1 1 0 0 0 1 0 0
625 1 0 0 0 0 0 1 0 0
626 6 0 0 5 0 0 0 0 0
fn=_IO_old_init
569 1 0 0 1 0 0 0 0 0
570 3 1 1 1 0 0 1 0 0
571 1 0 0 0 0 0 1 0 0
572 1 0 0 0 0 0 1 0 0
573 1 0 0 0 0 0 1 0 0
574 1 0 0 0 0 0 1 0 0
575 1 0 0 0 0 0 1 0 0
576 1 0 0 0 0 0 1 0 0
577 1 1 1 0 0 0 1 0 0
578 1 0 0 0 0 0 1 0 0
579 1 0 0 0 0 0 1 0 0
580 1 0 0 0 0 0 1 0 0
582 1 0 0 0 0 0 1 0 0
583 1 0 0 0 0 0 1 0 0
584 1 0 0 0 0 0 1 0 0
585 1 0 0 0 0 0 1 0 0
586 2 0 0 0 0 0 1 0 0
588 1 0 0 0 0 0 1 0 0
591 3 0 0 1 0 0 0 0 0
592 1 0 0 1 0 0 0 0 0
fn=_IO_setb
380 12 1 1 2 0 0 6 0 0
381 8 0 0 4 0 0 0 0 0
383 4 1 1 2 0 0 2 0 0
384 4 0 0 2 0 0 2 0 0
385 6 0 0 2 0 0 0 0 0
386 2 0 0 0 0 0 1 0 0
388 2 0 0 0 0 0 1 0 0
389 8 0 0 6 0 0 0 0 0
fl=/build/glibc-bQZRxl/glibc-2.23/libio/iofflush.c
fn=fflush
32 63 2 2 7 0 0 35 0 0
33 14 0 0 0 0 0 0 0 0
39 105 1 1 56 2 2 7 0 0
40 70 0 0 21 0 0 14 0 0
44 49 0 0 35 0 0 0 0 0
fl=/build/glibc-bQZRxl/glibc-2.23/libio/iofwrite.c
fn=fwrite
31 45 2 2 5 0 0 25 0 0
32 10 0 0 10 0 0 0 0 0
35 10 0 0 0 0 0 0 0 0
37 85 1 1 45 3 3 10 0 0
38 54 1 1 15 1 1 1 0 0
39 50 1 1 15 1 1 20 0 0
45 10 0 0 0 0 0 0 0 0
46 5 0 0 5 0 0 0 0 0
49 30 0 0 25 0 0 0 0 0
fl=/build/glibc-bQZRxl/glibc-2.23/libio/libioP.h
fn=fflush
866 14 0 0 7 0 0 0 0 0
867 56 1 1 28 0 0 7 0 0
fn=fwrite
866 10 0 0 5 0 0 0 0 0
867 58 2 2 24 0 0 5 0 0
fn=putc
866 2 0 0 1 0 0 0 0 0
867 8 0 0 4 0 0 1 0 0
fl=/build/glibc-bQZRxl/glibc-2.23/libio/oldstdfiles.c
fn=_IO_check_libio
77 2 1 1 0 0 0 1 0 0
78 3 1 1 1 0 0 0 0 0
91 1 0 0 1 0 0 0 0 0
fl=/build/glibc-bQZRxl/glibc-2.23/libio/putc.c
fn=putc
25 10 1 1 2 0 0 5 0 0
28 18 1 1 9 0 0 2 0 0
29 7 1 1 2 0 0 2 0 0
32 7 1 1 5 0 0 0 0 0
fl=/build/glibc-bQZRxl/glibc-2.23/libio/strops.c
fn=_IO_str_init_static_internal
36 9 1 1 4 0 0 4 0 0
40 2 0 0 0 0 0 0 0 0
42 1 1 1 0 0 0 0 0 0
43 4 0 0 0 0 0 0 0 0
46 5 1 1 0 0 0 5 0 0
48 1 0 0 0 0 0 1 0 0
49 1 0 0 0 0 0 1 0 0
50 1 0 0 0 0 0 1 0 0
51 3 0 0 0 0 0 0 0 0
53 1 0 0 0 0 0 1 0 0
54 1 0 0 0 0 0 1 0 0
55 1 0 0 0 0 0 1 0 0
64 1 0 0 0 0 0 1 0 0
65 6 0 0 5 0 0 0 0 0
fl=/build/glibc-bQZRxl/glibc-2.23/libio/vsnprintf.c
fn=vsnprintf
95 9 2 2 2 0 0 5 0 0
99 1 0 0 0 0 0 1 0 0
104 5 0 0 0 0 0 1 0 0
110 8 0 0 0 0 0 6 0 0
111 2 1 1 0 0 0 1 0 0
112 1 0 0 0 0 0 1 0 0
113 6 0 0 1 0 0 5 0 0
114 5 0 0 2 0 0 4 0 0
116 3 0 0 1 0 0 0 0 0
117 2 0 0 1 0 0 1 0 0
119 6 1 1 5 0 0 0 0 0
fl=/build/glibc-bQZRxl/glibc-2.23/locale/newlocale.c
fn=newlocale
44 9 1 1 1 0 0 5 0 0
56 3 0 0 1 0 0 1 0 0
57 2 1 1 0 0 0 1 0 0
64 2 0 0 0 0 0 0 0 0
67 4 1 1 2 0 0 0 0 0
73 3 0 0 1 0 0 0 0 0
74 7 2 2 3 0 0 0 0 0
76 1 0 0 0 0 0 0 0 0
279 6 1 1 5 0 0 0 0 0
fl=/build/glibc-bQZRxl/glibc-2.23/locale/uselocale.c
fn=uselocale
30 32 2 2 4 0 0 20 0 0
31 12 0 0 12 3 1 0 0 0
33 8 0 0 0 0 0 0 0 0
36 12 4 4 0 0 0 0 0 0
37 4 0 0 0 0 0 4 0 0
65 12 0 0 8 3 2 4 0 0
66 12 0 0 8 1 1 4 0 0
68 12 0 0 8 1 0 4 0 0
72 12 0 0 0 0 0 0 0 0
73 20 0 0 20 0 0 0 0 0
fl=/build/glibc-bQZRxl/glibc-2.23/malloc/arena.c
fn=malloc_hook_ini
260 3 0 0 1 1 1 0 0 0
fn=ptmalloc_init.part.6
221 63 0 0 21 3 0 0 0 0
223 40 0 0 20 8 0 0 0 0
224 2 0 0 1 0 0 0 0 0
225 2 0 0 1 0 0 0 0 0
239 20 0 0 0 0 0 0 0 0
258 7 1 1 0 0 0 5 0 0
263 1 1 1 0 0 0 1 0 0
271 3 0 0 1 0 0 0 0 0
272 9 1 1 0 0 0 2 0 0
273 5 1 1 2 1 0 0 0 0
277 4 0 0 2 2 0 1 1 0
279 5 0 0 2 2 0 0 0 0
320 2 0 0 0 0 0 0 0 0
327 2 1 1 1 1 0 1 0 0
340 2 1 1 0 0 0 0 0 0
346 2 0 0 2 1 1 0 0 0
347 2 0 0 0 0 0 0 0 0
349 1 0 0 0 0 0 1 1 0
350 6 0 0 5 0 0 0 0 0
fl=/build/glibc-bQZRxl/glibc-2.23/malloc/hooks.c
fn=malloc_hook_ini
29 5 1 1 1 0 0 2 0 0
30 2 0 0 1 0 0 1 0 0
32 3 1 1 0 0 0 2 1 0
33 2 0 0 1 0 0 0 0 0
fl=/build/glibc-bQZRxl/glibc-2.23/malloc/malloc.c
fn=_int_malloc
1886 24 2 1 10 0 0 0 0 0
3326 35 2 1 0 0 0 25 0 0
3356 60 2 1 5 0 0 10 3 0
3360 20 0 0 0 0 0 5 0 0
3374 20 0 0 15 5 2 0 0 0
3411 15 4 2 5 0 0 0 0 0
3455 97 8 5 20 0 0 5 0 0
3456 10 0 0 5 0 0 0 0 0
3457 2 0 0 0 0 0 1 0 0
3476 25 1 1 10 0 0 5 0 0
3481 15 0 0 5 0 0 5 0 0
3495 10 0 0 0 0 0 5 0 0
3610 10 1 1 5 0 0 0 0 0
3612 15 2 1 5 0 0 0 0 0
3615 15 0 0 5 4 1 0 0 0
3683 10 0 0 5 0 0 0 0 0
3684 5 0 0 0 0 0 0 0 0
3685 10 0 0 0 0 0 0 0 0
3686 5 0 0 5 1 1 0 0 0
3687 10 0 0 0 0 0 0 0 0
3692 10 0 0 0 0 0 0 0 0
3696 15 2 1 0 0 0 0 0 0
3799 5 0 0 5 0 0 0 0 0
3800 10 0 0 5 4 1 0 0 0
3802 10 0 0 5 0 0 0 0 0
3804 2 0 0 1 0 0 0 0 0
3805 1 0 0 0 0 0 0 0 0
3806 1 0 0 0 0 0 1 0 0
3807 9 1 1 1 0 0 1 0 0
3809 2 1 1 0 0 0 1 1 1
3812 1 0 0 0 0 0 0 0 0
3819 8 0 0 4 0 0 0 0 0
3824 15 0 0 0 0 0 5 0 0
3826 145 3 2 5 0 0 55 0 0
3834 12 2 1 4 0 0 4 0 0
3835 8 0 0 0 0 0 0 0 0
3840 35 1 1 25 0 0 0 0 0
fn=free
2941 15 1 1 3 0 0 6 0 0
2946 6 1 1 6 1 1 0 0 0
2947 6 0 0 0 0 0 0 0 0
2953 6 0 0 0 0 0 0 0 0
2956 3 0 0 0 0 0 0 0 0
2958 9 0 0 3 2 1 0 0 0
2961 9 1 1 3 1 1 0 0 0
2963 12 0 0 3 1 1 0 0 0
2970 6 0 0 0 0 0 0 0 0
2976 6 0 0 3 0 0 0 0 0
fn=malloc
2909 36 2 1 6 0 0 24 0 0
2914 12 0 0 12 10 2 0 0 0
2915 12 0 0 0 0 0 0 0 0
2916 5 1 1 1 0 0 3 0 0
2918 65 2 1 30 15 4 0 0 0
2920 20 1 0 0 0 0 5 1 0
2923 10 0 0 0 0 0 0 0 0
2931 20 2 1 10 0 0 0 0 0
2933 40 0 0 5 0 0 0 0 0
2936 24 1 1 24 0 0 0 0 0
fn=malloc_consolidate
4129 7 1 1 0 0 0 5 0 0
4151 4 0 0 1 0 0 1 0 0
4221 1 1 1 0 0 0 0 0 0
4224 5 1 1 4 0 0 0 0 0
fn=malloc_init_state
1807 9 1 1 0 0 0 3 0 0
1812 254 0 0 0 0 0 0 0 0
1815 381 1 1 0 0 0 254 16 16
1819 3 0 0 0 0 0 0 0 0
1823 1 0 0 0 0 0 1 0 0
1824 2 1 1 0 0 0 1 0 0
1826 1 0 0 0 0 0 1 0 0
1827 4 0 0 4 0 0 0 0 0
fn=munmap_chunk
2835 9 1 1 0 0 0 9 0 0
2836 15 0 0 3 0 0 3 0 0
2838 6 0 0 0 0 0 0 0 0
2840 9 0 0 3 0 0 0 0 0
2841 3 0 0 0 0 0 0 0 0
2847 21 0 0 6 0 0 0 0 0
2854 3 0 0 6 0 0 0 0 0
2855 9 1 1 6 0 0 0 0 0
2860 15 0 0 0 0 0 9 0 0
2861 12 0 0 12 0 0 0 0 0
fn=sysmalloc
2275 32 3 2 0 0 0 20 1 0
2295 12 0 0 8 5 0 4 1 0
2306 8 0 0 0 0 0 0 0 0
2307 15 0 0 4 3 0 2 0 0
2308 9 2 2 6 0 0 0 0 0
2322 15 0 0 4 0 0 1 0 0
2328 7 1 1 1 0 0 0 0 0
2330 27 1 1 0 0 0 27 2 0
2332 9 0 0 0 0 0 0 0 0
2347 9 2 2 0 0 0 0 0 0
2362 9 0 0 0 0 0 3 3 3
2367 12 0 0 6 0 0 0 0 0
2368 15 0 0 6 0 0 0 0 0
2371 12 1 0 6 3 0 0 0 0
2372 16 1 1 6 0 0 0 0 0
2387 2 1 1 1 0 0 0 0 0
2388 3 0 0 1 0 0 0 0 0
2389 3 0 0 0 0 0 2 0 0
2398 9 0 0 2 0 0 0 0 0
2404 4 1 1 0 0 0 1 0 0
2407 4 0 0 0 0 0 1 0 0
2462 3 0 0 2 0 0 0 0 0
2470 4 1 1 1 0 0 2 0 0
2471 2 0 0 1 0 0 0 0 0
2481 7 0 0 0 0 0 4 0 0
2489 2 0 0 0 0 0 0 0 0
2491 6 0 0 3 1 0 3 0 0
2492 1 0 0 0 0 0 0 0 0
2495 4 1 1 1 0 0 0 0 0
2498 2 0 0 2 0 0 0 0 0
2499 2 0 0 0 0 0 0 0 0
2519 2 0 0 0 0 0 1 0 0
2545 3 0 0 1 1 0 0 0 0
2546 5 1 1 0 0 0 2 0 0
2547 3 1 1 2 0 0 1 0 0
2553 2 0 0 0 0 0 0 0 0
2556 4 1 1 1 0 0 0 0 0
2593 3 0 0 1 0 0 0 0 0
2599 3 1 1 0 0 0 0 0 0
2618 1 0 0 1 0 0 0 0 0
2621 3 0 0 1 0 0 0 0 0
2622 6 0 0 2 0 0 1 0 0
2624 2 1 1 0 0 0 0 0 0
2625 6 0 0 2 0 0 4 0 0
2637 4 0 0 1 0 0 0 0 0
2645 2 0 0 2 0 0 0 0 0
2646 4 0 0 2 0 0 0 0 0
2682 2 0 0 0 0 0 1 0 0
2684 1 0 0 0 0 0 1 0 0
2685 5 1 1 2 0 0 1 1 1
2686 2 0 0 0 0 0 1 0 0
2697 3 0 0 1 0 0 0 0 0
2730 2 1 1 1 0 0 0 0 0
2731 1 0 0 0 0 0 1 0 0
2739 5 0 0 3 0 0 0 0 0
2741 1 0 0 0 0 0 0 0 0
2742 1 0 0 0 0 0 0 0 0
2743 1 0 0 0 0 0 1 0 0
2744 8 1 1 1 0 0 1 0 0
2745 2 0 0 0 0 0 1 1 1
2747 1 0 0 0 0 0 0 0 0
2753 28 0 0 20 0 0 0 0 0
fl=/build/glibc-bQZRxl/glibc-2.23/malloc/morecore.c
fn=__default_morecore
46 2 1 1 0 0 0 0 0 0
47 4 0 0 2 0 0 4 0 0
48 6 0 0 0 0 0 0 0 0
52 4 0 0 2 0 0 0 0 0
fl=/build/glibc-bQZRxl/glibc-2.23/math/../sysdeps/i386/fpu/e_acosh.S
fn=???
48 6 1 1 6 0 0 0 0 0
fl=/build/glibc-bQZRxl/glibc-2.23/math/../sysdeps/i386/fpu/s_cbrtl.S
fn=__x86.get_pc_thunk.bx
108 6 2 2 6 0 0 0 0 0
fl=/build/glibc-bQZRxl/glibc-2.23/math/../sysdeps/i386/fpu/s_frexp.S
fn=???
58 26 2 2 26 0 0 0 0 0
fl=/build/glibc-bQZRxl/glibc-2.23/math/../sysdeps/i386/i686/fpu/multiarch/e_expf.c
fn=__ieee754_expf
25 7 1 1 3 0 0 1 0 0
fl=/build/glibc-bQZRxl/glibc-2.23/math/../sysdeps/i386/i686/fpu/multiarch/s_cosf.c
fn=cosf
25 7 1 1 3 0 0 1 0 0
fl=/build/glibc-bQZRxl/glibc-2.23/math/../sysdeps/i386/i686/fpu/multiarch/s_sincosf.c
fn=sincosf
25 7 2 2 3 0 0 1 0 0
fl=/build/glibc-bQZRxl/glibc-2.23/math/../sysdeps/i386/i686/fpu/multiarch/s_sinf.c
fn=sinf
25 7 2 2 3 0 0 1 0 0
fl=/build/glibc-bQZRxl/glibc-2.23/misc/../sysdeps/unix/syscall-template.S
fn=mprotect
84 72 0 0 32 0 0 8 0 0
85 8 0 0 8 0 0 0 0 0
fn=munmap
84 32 2 2 11 0 0 3 0 0
85 4 0 0 4 0 0 0 0 0
fl=/build/glibc-bQZRxl/glibc-2.23/misc/../sysdeps/unix/sysv/linux/i386/brk.c
fn=brk
33 8 1 1 2 0 0 4 0 0
35 4 0 0 2 0 0 2 0 0
36 4 0 0 2 0 0 2 0 0
37 4 0 0 0 0 0 0 0 0
40 6 0 0 4 0 0 0 0 0
fl=/build/glibc-bQZRxl/glibc-2.23/misc/../sysdeps/unix/sysv/linux/i386/mmap.c
fn=mmap
29 268 3 3 120 0 0 114 3 3
30 40 0 0 0 0 0 0 0 0
32 120 0 0 3 0 0 3 0 0
34 117 0 0 100 0 0 0 0 0
fl=/build/glibc-bQZRxl/glibc-2.23/misc/init-misc.c
fn=__init_misc
30 6 1 1 1 0 0 4 0 0
31 5 0 0 1 0 0 0 0 0
33 5 0 0 0 0 0 3 0 0
34 2 0 0 0 0 0 0 0 0
37 3 1 1 1 1 0 1 1 0
38 3 0 0 2 0 0 1 0 0
40 4 0 0 4 0 0 0 0 0
fl=/build/glibc-bQZRxl/glibc-2.23/misc/sbrk.c
fn=sbrk
34 16 1 1 2 0 0 10 1 0
42 11 0 0 5 2 1 0 0 0
43 8 2 2 1 0 0 2 0 0
46 4 0 0 0 0 0 0 0 0
50 6 0 0 0 0 0 0 0 0
58 7 0 0 0 0 0 2 0 0
62 14 0 0 10 0 0 0 0 0
fl=/build/glibc-bQZRxl/glibc-2.23/nptl/unregister-atfork.c
fn=__unregister_atfork
28 44 1 1 4 0 0 28 0 0
36 4 0 0 4 1 1 0 0 0
39 8 1 1 0 0 0 0 0 0
121 24 0 0 20 0 0 0 0 0
fl=/build/glibc-bQZRxl/glibc-2.23/posix/../sysdeps/unix/syscall-template.S
fn=uname
84 7 2 2 1 0 0 0 0 0
85 1 0 0 1 0 0 0 0 0
fl=/build/glibc-bQZRxl/glibc-2.23/posix/../sysdeps/unix/sysv/linux/i386/_exit.S
fn=_Exit
24 1 1 1 1 0 0 0 0 0
28 1 0 0 0 0 0 0 0 0
29 1 0 0 1 0 0 1 0 0
fl=/build/glibc-bQZRxl/glibc-2.23/rt/../sysdeps/unix/clock_gettime.c
fn=clock_gettime
93 12 1 1 2 0 0 6 0 0
115 24 1 1 6 2 2 6 1 1
134 8 1 1 6 0 0 0 0 0
fl=/build/glibc-bQZRxl/glibc-2.23/setjmp/../sysdeps/i386/bsd-_setjmp.S
fn=_setjmp
33 1 1 1 0 0 0 0 0 0
34 1 0 0 1 0 0 0 0 0
37 1 0 0 0 0 0 1 0 0
38 1 0 0 0 0 0 1 0 0
39 1 0 0 0 0 0 1 0 0
40 1 0 0 0 0 0 0 0 0
42 2 0 0 1 0 0 0 0 0
44 1 0 0 0 0 0 1 1 0
45 1 0 0 1 0 0 0 0 0
46 1 0 0 0 0 0 0 0 0
48 2 0 0 1 0 0 0 0 0
50 1 0 0 0 0 0 1 0 0
51 1 0 0 0 0 0 1 0 0
53 1 0 0 0 0 0 1 0 0
54 1 0 0 1 0 0 0 0 0
fl=/build/glibc-bQZRxl/glibc-2.23/setjmp/../sysdeps/i386/setjmp.S
fn=__sigsetjmp
30 12 0 0 12 0 0 0 0 0
33 12 0 0 0 0 0 12 0 0
34 12 0 0 0 0 0 12 0 0
35 12 0 0 0 0 0 12 0 0
36 12 0 0 0 0 0 0 0 0
40 12 1 1 0 0 0 12 0 0
41 12 0 0 12 0 0 0 0 0
42 12 0 0 0 0 0 0 0 0
46 12 0 0 0 0 0 12 0 0
47 12 0 0 0 0 0 12 0 0
51 12 0 0 0 0 0 0 0 0
52 12 0 0 12 0 0 0 0 0
fl=/build/glibc-bQZRxl/glibc-2.23/stdio-common/../include/../locale/localeinfo.h
fn=__printf_fp_l
306 4 0 0 3 1 1 1 0 0
fl=/build/glibc-bQZRxl/glibc-2.23/stdio-common/../include/rounding-mode.h
fn=__printf_fp_l
52 2 0 0 1 0 0 0 0 0
fl=/build/glibc-bQZRxl/glibc-2.23/stdio-common/../sysdeps/generic/get-rounding-mode.h
fn=__printf_fp_l
94 1 0 0 0 0 0 1 0 0
95 7 2 2 1 0 0 0 0 0
fl=/build/glibc-bQZRxl/glibc-2.23/stdio-common/../sysdeps/pthread/allocalim.h
fn=__printf_fp_l
29 2 0 0 0 0 0 0 0 0
fl=/build/glibc-bQZRxl/glibc-2.23/stdio-common/printf-parse.h
fn=vfprintf
108 11 0 0 1 0 0 7 1 1
fl=/build/glibc-bQZRxl/glibc-2.23/stdio-common/printf_fp.c
fn=__printf_fp
1256 3 1 1 0 0 0 1 0 0
1257 7 1 1 6 0 0 5 0 0
1258 2 0 0 1 0 0 0 0 0
fn=__printf_fp_l
215 10 1 1 1 0 0 6 1 1
245 1 0 0 0 0 0 1 0 0
248 8 2 2 2 0 0 3 0 0
254 7 1 1 2 0 0 1 1 1
261 1 0 0 0 0 0 1 0 0
264 2 0 0 0 0 0 0 0 0
267 2 0 0 1 0 0 1 0 0
285 4 0 0 2 0 0 0 0 0
316 2 1 1 0 0 0 2 0 0
318 1 0 0 0 0 0 1 0 0
332 2 0 0 0 0 0 0 0 0
334 1 0 0 1 0 0 0 0 0
378 1 1 1 1 0 0 0 0 0
381 2 0 0 0 0 0 0 0 0
395 9 0 0 1 0 0 1 0 0
411 12 1 1 1 0 0 7 2 2
415 5 0 0 0 0 0 1 0 0
435 10 1 1 0 0 0 5 0 0
451 1 0 0 1 0 0 0 0 0
454 7 1 1 0 0 0 0 0 0
455 7 0 0 0 0 0 1 0 0
456 4 0 0 0 0 0 1 0 0
457 4 0 0 0 0 0 1 0 0
463 1 0 0 0 0 0 1 0 0
464 2 0 0 0 0 0 0 0 0
473 4 1 1 1 0 0 0 0 0
481 19 2 2 1 0 0 5 2 2
485 12 1 1 3 0 0 1 0 0
486 2 0 0 0 0 0 0 0 0
487 5 0 0 1 0 0 2 0 0
489 2 1 1 0 0 0 0 0 0
494 13 1 1 0 0 0 0 0 0
498 65 0 0 26 4 4 0 0 0
500 2 0 0 0 0 0 0 0 0
523 2 0 0 1 0 0 1 0 0
524 12 0 0 5 0 0 4 0 0
530 4 0 0 0 0 0 2 0 0
540 14 1 1 6 0 0 4 0 0
549 13 1 1 0 0 0 0 0 0
551 38 0 0 25 0 0 0 0 0
552 2 1 1 1 0 0 1 0 0
558 2 0 0 0 0 0 0 0 0
605 1 1 1 0 0 0 0 0 0
812 3 1 1 2 0 0 1 0 0
821 1 0 0 0 0 0 1 0 0
822 9 1 1 7 1 1 2 0 0
824 2 0 0 0 0 0 0 0 0
834 2 0 0 1 0 0 0 0 0
854 8 1 1 2 0 0 1 0 0
855 6 1 1 3 0 0 0 0 0
868 1 0 0 0 0 0 1 0 0
869 3 1 1 0 0 0 1 0 0
870 5 1 1 2 0 0 1 0 0
876 2 0 0 0 0 0 1 0 0
879 6 0 0 3 0 0 2 0 0
882 3 0 0 1 0 0 0 0 0
896 5 2 2 1 0 0 0 0 0
903 2 0 0 1 0 0 0 0 0
913 7 0 0 0 0 0 2 0 0
914 3 1 1 1 0 0 1 0 0
917 3 0 0 1 0 0 0 0 0
920 15 0 0 5 0 0 2 0 0
922 1 0 0 0 0 0 0 0 0
923 3 1 1 1 0 0 2 1 1
925 1 0 0 0 0 0 1 0 0
927 6 0 0 3 0 0 0 0 0
928 5 1 1 2 0 0 0 0 0
929 4 1 1 2 0 0 1 0 0
941 1 0 0 0 0 0 0 0 0
942 1 0 0 0 0 0 1 0 0
943 18 0 0 0 0 0 0 0 0
944 22 0 0 11 0 0 0 0 0
946 5 0 0 0 0 0 0 0 0
947 15 0 0 5 0 0 10 0 0
948 5 1 1 0 0 0 0 0 0
950 10 0 0 0 0 0 0 0 0
959 4 1 1 2 0 0 1 0 0
960 4 0 0 1 0 0 3 0 0
962 5 0 0 1 0 0 0 0 0
963 1 0 0 0 0 0 1 0 0
1078 5 1 1 1 0 0 0 0 0
1085 2 0 0 0 0 0 0 0 0
1088 3 0 0 1 0 0 0 0 0
1101 3 1 1 1 0 0 0 0 0
1147 7 1 1 3 0 0 0 0 0
1149 7 1 1 2 0 0 1 0 0
1151 6 0 0 2 0 0 0 0 0
1154 2 0 0 0 0 0 0 0 0
1156 4 0 0 2 0 0 0 0 0
1158 2 1 1 0 0 0 0 0 0
1161 5 2 2 2 0 0 0 0 0
1170 3 0 0 1 0 0 0 0 0
1177 5 1 1 2 0 0 1 0 0
1180 1 0 0 0 0 0 0 0 0
1182 5 0 0 1 0 0 2 0 0
1184 3 1 1 1 0 0 0 0 0
1185 4 0 0 1 0 0 1 0 0
1189 4 0 0 1 0 0 1 0 0
1191 3 1 1 1 0 0 0 0 0
1202 8 2 2 1 0 0 1 0 0
1209 29 0 0 4 0 0 1 0 0
1210 21 1 1 7 0 0 0 0 0
1211 9 0 0 3 0 0 5 0 0
1212 12 0 0 0 0 0 0 0 0
1215 12 0 0 0 0 0 6 0 0
1219 3 0 0 2 0 0 0 0 0
1236 90 3 3 30 0 0 16 0 0
1239 3 1 1 1 0 0 0 0 0
1246 3 0 0 2 0 0 0 0 0
1247 4 1 1 2 0 0 1 0 0
1250 6 1 1 5 0 0 0 0 0
fn=hack_digit
169 21 1 1 0 0 0 21 0 0
172 42 0 0 7 0 0 7 0 0
174 21 1 1 7 0 0 0 0 0
176 28 1 1 21 0 0 0 0 0
177 63 1 1 0 0 0 42 0 0
209 35 0 0 28 0 0 0 0 0
fl=/build/glibc-bQZRxl/glibc-2.23/stdio-common/vfprintf.c
fn=vfprintf
1236 11 1 1 1 0 0 6 1 1
1267 6 0 0 3 0 0 3 0 0
1275 11 2 2 4 0 0 0 0 0
1279 7 1 1 3 0 0 0 0 0
1283 8 1 1 4 0 0 0 0 0
1284 6 1 1 2 0 0 0 0 0
1290 2 0 0 0 0 0 0 0 0
1301 2 0 0 1 0 0 1 1 1
1312 1 1 1 0 0 0 1 0 0
1316 3 0 0 0 0 0 1 0 0
1320 15 2 2 7 1 1 5 0 0
1324 3 1 1 2 0 0 0 0 0
1328 15 2 2 3 2 2 5 0 0
1349 1 0 0 0 0 0 1 0 0
1350 1 0 0 0 0 0 1 0 0
1351 1 0 0 0 0 0 1 0 0
1352 1 0 0 0 0 0 1 0 0
1353 1 0 0 0 0 0 1 0 0
1354 1 1 1 0 0 0 1 0 0
1355 1 0 0 0 0 0 1 0 0
1356 1 0 0 0 0 0 1 0 0
1357 1 0 0 0 0 0 1 0 0
1358 1 0 0 0 0 0 1 0 0
1359 1 1 1 0 0 0 1 0 0
1362 1 0 0 0 0 0 1 0 0
1363 1 0 0 0 0 0 1 1 1
1366 1 1 1 0 0 0 1 0 0
1367 2 0 0 0 0 0 1 0 0
1370 14 1 1 4 2 2 2 0 0
1409 2 0 0 1 0 0 1 0 0
1523 3 1 1 1 0 0 1 0 0
1524 3 0 0 1 0 0 0 0 0
1528 3 1 1 0 0 0 2 0 0
1529 4 1 1 1 0 0 0 0 0
1544 7 0 0 3 0 0 1 0 0
1548 5 0 0 0 0 0 1 0 0
1552 3 0 0 0 0 0 1 0 0
1565 5 1 1 2 0 0 0 0 0
1588 15 2 2 5 2 2 1 0 0
1631 73 8 8 19 0 0 20 1 1
1632 1 0 0 0 0 0 1 0 0
1649 1 0 0 1 0 0 0 0 0
1651 3 1 1 1 0 0 0 0 0
1659 4 1 1 1 0 0 2 0 0
1663 23 1 1 8 0 0 4 0 0
1665 3 0 0 1 0 0 0 0 0
1685 3 1 1 2 0 0 0 0 0
1686 3 0 0 1 0 0 0 0 0
1688 1 1 1 1 0 0 0 0 0
1689 6 0 0 5 0 0 0 0 0
fl=/build/glibc-bQZRxl/glibc-2.23/stdlib/../sysdeps/i386/lshift.S
fn=__mpn_lshift
31 1 1 1 0 0 0 1 0 0
33 1 0 0 0 0 0 1 0 0
35 1 0 0 0 0 0 1 0 0
38 1 0 0 1 0 0 0 0 0
40 1 0 0 1 0 0 0 0 0
42 1 0 0 1 0 0 0 0 0
43 1 0 0 1 0 0 0 0 0
44 1 0 0 0 0 0 0 0 0
46 1 0 0 1 0 0 0 0 0
49 1 0 0 0 0 0 0 0 0
50 1 0 0 0 0 0 0 0 0
51 1 0 0 0 0 0 0 0 0
52 1 0 0 0 0 0 0 0 0
53 1 0 0 0 0 0 1 0 0
55 1 0 0 0 0 0 0 0 0
56 1 0 0 0 0 0 0 0 0
64 1 1 1 1 0 0 0 0 0
65 1 0 0 0 0 0 0 0 0
66 1 0 0 0 0 0 1 0 0
67 1 0 0 0 0 0 0 0 0
68 1 0 0 0 0 0 0 0 0
70 1 0 0 0 0 0 0 0 0
71 1 0 0 0 0 0 1 0 0
73 1 0 0 1 0 0 0 0 0
76 1 0 0 1 0 0 0 0 0
79 1 0 0 1 0 0 0 0 0
82 1 0 0 1 0 0 0 0 0
86 1 0 0 1 0 0 0 0 0
fl=/build/glibc-bQZRxl/glibc-2.23/stdlib/../sysdeps/i386/mul_1.S
fn=__mpn_mul_1
37 7 1 1 0 0 0 7 0 0
39 7 0 0 0 0 0 7 0 0
41 7 0 0 0 0 0 7 0 0
43 7 0 0 0 0 0 7 0 0
46 7 0 0 7 0 0 0 0 0
48 7 0 0 7 0 0 0 0 0
50 7 0 0 7 0 0 0 0 0
51 7 0 0 7 0 0 0 0 0
53 7 0 0 0 0 0 0 0 0
54 7 0 0 0 0 0 0 0 0
55 7 0 0 0 0 0 0 0 0
56 14 0 0 0 0 0 0 0 0
60 14 0 0 14 0 0 0 0 0
61 14 0 0 0 0 0 0 0 0
62 14 0 0 0 0 0 0 0 0
63 14 0 0 0 0 0 14 0 0
64 14 0 0 0 0 0 0 0 0
65 14 0 0 0 0 0 0 0 0
67 14 0 0 0 0 0 0 0 0
68 14 0 0 0 0 0 0 0 0
69 7 0 0 0 0 0 0 0 0
71 7 0 0 7 0 0 0 0 0
74 7 0 0 7 0 0 0 0 0
77 7 0 0 7 0 0 0 0 0
80 7 0 0 7 0 0 0 0 0
84 7 0 0 7 0 0 0 0 0
fl=/build/glibc-bQZRxl/glibc-2.23/stdlib/../sysdeps/ieee754/dbl-64/dbl2mpn.c
fn=__mpn_extract_double
33 6 1 1 2 0 0 4 0 0
35 2 0 0 2 0 0 0 0 0
37 4 0 0 1 0 0 1 0 0
38 5 1 1 0 0 0 1 0 0
41 1 0 0 0 0 0 1 0 0
42 3 0 0 0 0 0 1 0 0
56 3 0 0 0 0 0 0 0 0
103 2 1 1 0 0 0 1 0 0
107 6 0 0 5 0 0 0 0 0
fl=/build/glibc-bQZRxl/glibc-2.23/stdlib/cmp.c
fn=__mpn_cmp
31 4 1 1 2 0 0 2 0 0
35 3 0 0 1 0 0 0 0 0
37 1 1 1 1 0 0 0 0 0
38 1 0 0 1 0 0 0 0 0
39 2 0 0 0 0 0 0 0 0
47 4 0 0 0 0 0 0 0 0
48 3 0 0 3 0 0 0 0 0
fl=/build/glibc-bQZRxl/glibc-2.23/stdlib/cxa_atexit.c
fn=__cxa_atexit
35 21 0 0 0 0 0 14 0 0
37 21 0 0 0 0 0 0 0 0
41 21 0 0 14 0 0 0 0 0
43 7 0 0 0 0 0 7 0 0
44 14 0 0 7 0 0 7 2 2
45 14 1 1 7 0 0 7 0 0
47 7 0 0 0 0 0 7 0 0
48 7 0 0 0 0 0 0 0 0
57 28 2 1 0 0 0 14 0 0
59 21 0 0 14 0 0 0 0 0
fn=__new_exitfn
73 35 1 1 0 0 0 28 0 0
79 56 0 0 14 3 1 7 0 0
81 52 3 2 15 3 0 0 0 0
83 39 1 0 7 3 1 0 0 0
84 36 0 0 6 2 0 0 0 0
91 2 0 0 0 0 0 1 0 0
94 12 0 0 0 0 0 0 0 0
112 1 1 1 0 0 0 0 0 0
113 2 0 0 0 0 0 1 0 0
119 18 1 0 0 0 0 0 0 0
120 12 0 0 0 0 0 6 0 0
126 7 1 1 0 0 0 7 1 0
127 14 0 0 14 3 1 0 0 0
130 28 0 0 14 0 0 0 0 0
133 49 1 0 35 0 0 0 0 0
fl=/build/glibc-bQZRxl/glibc-2.23/stdlib/cxa_finalize.c
fn=__cxa_finalize
31 36 0 0 4 0 0 24 0 0
35 36 2 2 12 0 0 0 0 0
39 101 1 1 8 0 0 4 0 0
44 80 0 0 20 0 0 0 0 0
46 15 1 1 5 0 0 0 0 0
47 5 0 0 5 0 0 0 0 0
48 25 0 0 10 0 0 0 0 0
51 30 0 0 15 1 1 10 0 0
54 10 0 0 5 0 0 0 0 0
56 20 0 0 0 0 0 15 0 0
60 35 0 0 20 0 0 0 0 0
67 36 1 1 12 0 0 0 0 0
71 32 0 0 4 1 1 0 0 0
79 8 0 0 0 0 0 0 0 0
80 8 0 0 0 0 0 4 0 0
82 20 0 0 16 0 0 0 0 0
fl=/build/glibc-bQZRxl/glibc-2.23/stdlib/cxa_thread_atexit_impl.c
fn=__call_tls_dtors
145 7 1 1 0 0 0 5 0 0
146 5 0 0 3 1 0 0 0 0
164 6 2 2 5 0 0 0 0 0
fl=/build/glibc-bQZRxl/glibc-2.23/stdlib/exit.c
fn=__run_exit_handlers
35 11 1 1 3 0 0 6 0 0
40 2 0 0 1 1 1 1 0 0
46 12 0 0 3 1 1 0 0 0
50 19 0 0 0 0 0 0 0 0
52 7 0 0 0 0 0 7 0 0
53 7 0 0 0 0 0 0 0 0
54 50 1 1 7 2 2 0 0 0
69 2 1 1 0 0 0 0 0 0
80 6 0 0 4 0 0 0 0 0
82 10 0 0 2 0 0 6 0 0
83 4 0 0 0 0 0 0 0 0
87 2 0 0 1 0 0 1 0 0
88 2 0 0 0 0 0 0 0 0
94 2 0 0 1 0 0 0 0 0
95 9 1 1 1 1 1 1 0 0
97 3 0 0 0 0 0 2 0 0
fn=exit
103 3 1 1 0 0 0 1 0 0
104 5 0 0 1 0 0 4 0 0
fl=/build/glibc-bQZRxl/glibc-2.23/stdlib/strtol.c
fn=strtol
105 6 1 1 0 0 0 2 0 0
106 16 0 0 12 0 0 12 0 0
107 4 0 0 2 0 0 0 0 0
fl=/build/glibc-bQZRxl/glibc-2.23/stdlib/strtol_l.c
fn=____strtol_l_internal
227 16 1 1 2 0 0 10 0 0
247 2 1 1 0 0 0 0 0 0
253 8 0 0 2 0 0 2 0 0
274 2 0 0 0 0 0 0 0 0
275 2 1 1 0 0 0 2 0 0
284 8 0 0 4 0 0 0 0 0
293 14 0 0 10 3 1 0 0 0
295 4 1 1 0 0 0 0 0 0
299 2 0 0 0 0 0 2 0 0
300 4 0 0 0 0 0 0 0 0
305 2 0 0 0 0 0 0 0 0
306 6 0 0 0 0 0 0 0 0
309 8 0 0 2 0 0 0 0 0
319 6 1 1 2 0 0 0 0 0
326 4 1 1 2 0 0 0 0 0
329 6 0 0 2 0 0 0 0 0
348 8 1 1 0 0 0 6 0 0
371 2 0 0 0 0 0 2 0 0
379 2 0 0 0 0 0 0 0 0
433 10 1 1 5 1 0 0 0 0
435 30 1 1 9 0 0 0 0 0
437 15 1 1 0 0 0 0 0 0
451 10 0 0 2 0 0 4 0 0
454 6 0 0 4 0 0 2 0 0
455 10 0 0 2 0 0 4 0 0
465 15 1 1 0 0 0 0 0 0
468 20 0 0 10 0 0 0 0 0
473 5 1 1 0 0 0 0 0 0
474 15 0 0 0 0 0 0 0 0
479 4 0 0 0 0 0 0 0 0
484 6 0 0 2 0 0 0 0 0
490 6 0 0 2 0 0 0 0 0
491 4 1 1 0 0 0 0 0 0
493 6 1 1 2 0 0 0 0 0
508 4 1 1 0 0 0 0 0 0
526 12 2 2 10 0 0 0 0 0
fl=/build/glibc-bQZRxl/glibc-2.23/string/../bits/stdlib-bsearch.h
fn=intel_check_word
27 30 0 0 0 0 0 0 0 0
28 60 0 0 0 0 0 0 0 0
29 389 0 0 0 0 0 0 0 0
31 518 0 0 0 0 0 0 0 0
32 196 0 0 0 0 0 0 0 0
37 63 0 0 0 0 0 0 0 0
fl=/build/glibc-bQZRxl/glibc-2.23/string/../sysdeps/i386/i686/multiarch/../../i586/strchr.S
fn=index
45 19 1 1 0 0 0 19 0 0
47 19 0 0 0 0 0 19 0 0
50 19 0 0 0 0 0 19 0 0
52 19 0 0 0 0 0 19 0 0
55 19 0 0 19 0 0 0 0 0
56 19 0 0 19 0 0 0 0 0
58 19 0 0 0 0 0 0 0 0
60 19 0 0 0 0 0 0 0 0
66 19 1 1 0 0 0 0 0 0
67 19 0 0 0 0 0 0 0 0
69 19 0 0 0 0 0 0 0 0
70 19 0 0 0 0 0 0 0 0
72 19 0 0 0 0 0 0 0 0
73 19 0 0 0 0 0 0 0 0
75 19 0 0 0 0 0 0 0 0
77 11 0 0 0 0 0 0 0 0
78 11 0 0 0 0 0 0 0 0
80 8 0 0 8 3 3 0 0 0
81 8 0 0 0 0 0 0 0 0
83 8 0 0 0 0 0 0 0 0
84 8 0 0 0 0 0 0 0 0
86 8 0 0 8 0 0 0 0 0
87 8 0 0 0 0 0 0 0 0
89 8 0 0 0 0 0 0 0 0
90 8 0 0 0 0 0 0 0 0
92 8 0 0 0 0 0 0 0 0
93 8 0 0 0 0 0 0 0 0
95 8 0 0 0 0 0 0 0 0
96 8 0 0 0 0 0 0 0 0
98 8 0 0 0 0 0 0 0 0
100 8 0 0 8 1 1 0 0 0
102 8 0 0 0 0 0 0 0 0
103 8 0 0 0 0 0 0 0 0
105 8 0 0 0 0 0 0 0 0
106 8 0 0 0 0 0 0 0 0
108 8 0 0 0 0 0 0 0 0
118 19 1 1 19 1 1 0 0 0
119 19 0 0 0 0 0 0 0 0
121 19 0 0 0 0 0 0 0 0
122 19 0 0 0 0 0 0 0 0
147 21 0 0 0 0 0 0 0 0
148 21 0 0 0 0 0 0 0 0
150 21 0 0 0 0 0 0 0 0
151 21 0 0 0 0 0 0 0 0
153 21 0 0 0 0 0 0 0 0
154 21 0 0 0 0 0 0 0 0
156 21 0 0 0 0 0 0 0 0
157 21 0 0 0 0 0 0 0 0
159 21 1 1 0 0 0 0 0 0
160 21 0 0 0 0 0 0 0 0
162 21 0 0 21 1 1 0 0 0
163 21 0 0 0 0 0 0 0 0
165 21 0 0 0 0 0 0 0 0
166 21 0 0 0 0 0 0 0 0
168 21 0 0 0 0 0 0 0 0
169 21 0 0 0 0 0 0 0 0
171 21 0 0 0 0 0 0 0 0
172 21 0 0 0 0 0 0 0 0
174 21 0 0 0 0 0 0 0 0
175 21 0 0 0 0 0 0 0 0
177 20 0 0 0 0 0 0 0 0
178 20 0 0 0 0 0 0 0 0
180 20 0 0 0 0 0 0 0 0
181 20 0 0 0 0 0 0 0 0
183 18 0 0 0 0 0 0 0 0
184 18 0 0 0 0 0 0 0 0
186 18 0 0 0 0 0 0 0 0
187 18 1 1 0 0 0 0 0 0
189 16 0 0 0 0 0 0 0 0
190 16 0 0 0 0 0 0 0 0
192 16 0 0 16 0 0 0 0 0
193 16 0 0 0 0 0 0 0 0
195 16 0 0 0 0 0 0 0 0
196 16 0 0 0 0 0 0 0 0
198 16 0 0 0 0 0 0 0 0
199 16 0 0 0 0 0 0 0 0
201 16 0 0 0 0 0 0 0 0
202 16 0 0 0 0 0 0 0 0
204 16 0 0 0 0 0 0 0 0
205 16 0 0 0 0 0 0 0 0
207 16 0 0 0 0 0 0 0 0
208 16 0 0 0 0 0 0 0 0
210 16 0 0 0 0 0 0 0 0
211 16 0 0 0 0 0 0 0 0
213 13 0 0 0 0 0 0 0 0
214 13 1 1 0 0 0 0 0 0
216 13 0 0 0 0 0 0 0 0
217 13 0 0 0 0 0 0 0 0
219 9 0 0 0 0 0 0 0 0
220 9 0 0 0 0 0 0 0 0
222 9 0 0 9 0 0 0 0 0
223 9 0 0 0 0 0 0 0 0
225 9 0 0 0 0 0 0 0 0
226 9 0 0 0 0 0 0 0 0
228 9 0 0 0 0 0 0 0 0
229 9 0 0 0 0 0 0 0 0
231 9 0 0 0 0 0 0 0 0
232 9 0 0 0 0 0 0 0 0
234 9 0 0 0 0 0 0 0 0
235 9 0 0 0 0 0 0 0 0
237 9 0 0 0 0 0 0 0 0
238 9 0 0 0 0 0 0 0 0
240 9 0 0 0 0 0 0 0 0
241 9 0 0 0 0 0 0 0 0
243 8 0 0 0 0 0 0 0 0
244 8 0 0 0 0 0 0 0 0
246 8 0 0 0 0 0 0 0 0
247 8 0 0 0 0 0 0 0 0
249 2 0 0 0 0 0 0 0 0
250 2 0 0 0 0 0 0 0 0
252 2 0 0 2 0 0 0 0 0
253 2 0 0 0 0 0 0 0 0
255 2 0 0 0 0 0 0 0 0
256 2 0 0 0 0 0 0 0 0
258 2 0 0 0 0 0 0 0 0
259 2 0 0 0 0 0 0 0 0
261 2 0 0 0 0 0 0 0 0
262 2 0 0 0 0 0 0 0 0
264 2 0 0 0 0 0 0 0 0
266 2 0 0 0 0 0 0 0 0
270 1 0 0 0 0 0 0 0 0
271 1 0 0 0 0 0 0 0 0
273 1 0 0 0 0 0 0 0 0
288 19 1 1 19 0 0 0 0 0
291 19 0 0 19 0 0 0 0 0
295 19 0 0 19 0 0 0 0 0
298 19 0 0 19 0 0 0 0 0
302 19 0 0 19 0 0 0 0 0
311 18 0 0 0 0 0 0 0 0
312 18 0 0 0 0 0 0 0 0
314 18 0 0 0 0 0 0 0 0
316 18 0 0 0 0 0 0 0 0
317 18 0 0 0 0 0 0 0 0
319 15 0 0 0 0 0 0 0 0
321 15 0 0 0 0 0 0 0 0
322 15 0 0 0 0 0 0 0 0
324 15 0 0 0 0 0 0 0 0
325 15 0 0 0 0 0 0 0 0
327 10 0 0 0 0 0 0 0 0
328 10 0 0 0 0 0 0 0 0
330 10 0 0 0 0 0 0 0 0
331 10 0 0 0 0 0 0 0 0
333 10 0 0 0 0 0 0 0 0
334 10 0 0 0 0 0 0 0 0
336 5 0 0 0 0 0 0 0 0
339 5 0 0 0 0 0 0 0 0
340 5 0 0 0 0 0 0 0 0
342 18 0 0 0 0 0 0 0 0
343 18 0 0 0 0 0 0 0 0
fl=/build/glibc-bQZRxl/glibc-2.23/string/../sysdeps/i386/i686/multiarch/../../i586/strlen.S
fn=__GI_strlen
43 69 1 1 69 0 0 0 0 0
44 69 0 0 0 0 0 0 0 0
46 69 0 0 0 0 0 0 0 0
48 69 0 0 0 0 0 0 0 0
49 44 0 0 0 0 0 0 0 0
51 30 0 0 30 2 2 0 0 0
52 30 0 0 0 0 0 0 0 0
54 30 0 0 0 0 0 0 0 0
55 30 0 0 30 0 0 0 0 0
57 30 0 0 0 0 0 0 0 0
59 29 0 0 0 0 0 0 0 0
60 29 0 0 0 0 0 0 0 0
62 29 0 0 0 0 0 0 0 0
64 26 1 1 26 1 1 0 0 0
65 26 0 0 0 0 0 0 0 0
67 26 0 0 0 0 0 0 0 0
68 26 0 0 0 0 0 0 0 0
94 68 0 0 68 2 2 0 0 0
95 68 0 0 0 0 0 0 0 0
97 68 0 0 0 0 0 0 0 0
98 68 0 0 0 0 0 0 0 0
100 68 0 0 0 0 0 0 0 0
101 68 0 0 0 0 0 0 0 0
103 51 0 0 0 0 0 0 0 0
105 51 0 0 0 0 0 0 0 0
107 51 0 0 0 0 0 0 0 0
110 39 0 0 39 0 0 0 0 0
111 39 0 0 0 0 0 0 0 0
113 39 0 0 0 0 0 0 0 0
114 39 0 0 0 0 0 0 0 0
116 39 0 0 0 0 0 0 0 0
117 39 0 0 0 0 0 0 0 0
119 39 0 0 0 0 0 0 0 0
121 39 1 1 0 0 0 0 0 0
123 39 0 0 0 0 0 0 0 0
158 68 0 0 0 0 0 0 0 0
159 68 1 1 0 0 0 0 0 0
161 68 0 0 0 0 0 0 0 0
162 68 0 0 0 0 0 0 0 0
164 55 0 0 0 0 0 0 0 0
165 55 0 0 0 0 0 0 0 0
167 55 0 0 0 0 0 0 0 0
169 35 0 0 0 0 0 0 0 0
170 35 0 0 0 0 0 0 0 0
172 35 0 0 0 0 0 0 0 0
173 35 0 0 0 0 0 0 0 0
175 17 0 0 0 0 0 0 0 0
177 69 1 1 69 0 0 0 0 0
180 69 0 0 69 0 0 0 0 0
fn=strlen
43 30 1 1 30 0 0 0 0 0
44 30 0 0 0 0 0 0 0 0
46 30 0 0 0 0 0 0 0 0
48 30 0 0 0 0 0 0 0 0
49 9 0 0 0 0 0 0 0 0
51 6 1 1 6 0 0 0 0 0
52 6 0 0 0 0 0 0 0 0
54 6 0 0 0 0 0 0 0 0
55 6 0 0 6 0 0 0 0 0
57 6 0 0 0 0 0 0 0 0
59 6 0 0 0 0 0 0 0 0
60 6 0 0 0 0 0 0 0 0
62 6 0 0 0 0 0 0 0 0
64 8 0 0 8 0 0 0 0 0
65 8 0 0 0 0 0 0 0 0
67 8 0 0 0 0 0 0 0 0
68 8 0 0 0 0 0 0 0 0
94 54 0 0 54 3 3 0 0 0
95 54 0 0 0 0 0 0 0 0
97 54 0 0 0 0 0 0 0 0
98 54 0 0 0 0 0 0 0 0
100 54 0 0 0 0 0 0 0 0
101 54 0 0 0 0 0 0 0 0
103 51 0 0 0 0 0 0 0 0
105 51 0 0 0 0 0 0 0 0
107 51 0 0 0 0 0 0 0 0
110 49 0 0 49 1 1 0 0 0
111 49 0 0 0 0 0 0 0 0
113 49 1 1 0 0 0 0 0 0
114 49 0 0 0 0 0 0 0 0
116 49 0 0 0 0 0 0 0 0
117 49 0 0 0 0 0 0 0 0
119 45 0 0 0 0 0 0 0 0
121 45 0 0 0 0 0 0 0 0
123 45 0 0 0 0 0 0 0 0
126 42 0 0 42 0 0 0 0 0
127 42 0 0 0 0 0 0 0 0
129 42 0 0 0 0 0 0 0 0
130 42 0 0 0 0 0 0 0 0
132 42 0 0 0 0 0 0 0 0
133 42 0 0 0 0 0 0 0 0
135 39 0 0 0 0 0 0 0 0
137 39 0 0 0 0 0 0 0 0
139 39 0 0 0 0 0 0 0 0
142 37 0 0 37 0 0 0 0 0
143 37 0 0 0 0 0 0 0 0
145 37 0 0 0 0 0 0 0 0
146 37 0 0 0 0 0 0 0 0
148 37 0 0 0 0 0 0 0 0
149 37 0 0 0 0 0 0 0 0
151 31 0 0 0 0 0 0 0 0
153 31 0 0 0 0 0 0 0 0
155 31 0 0 0 0 0 0 0 0
158 30 1 1 0 0 0 0 0 0
159 30 0 0 0 0 0 0 0 0
161 30 0 0 0 0 0 0 0 0
162 30 0 0 0 0 0 0 0 0
164 25 0 0 0 0 0 0 0 0
165 25 0 0 0 0 0 0 0 0
167 25 0 0 0 0 0 0 0 0
169 10 0 0 0 0 0 0 0 0
170 10 0 0 0 0 0 0 0 0
172 10 0 0 0 0 0 0 0 0
173 10 0 0 0 0 0 0 0 0
175 3 0 0 0 0 0 0 0 0
177 30 0 0 30 0 0 0 0 0
180 30 0 0 30 0 0 0 0 0
fl=/build/glibc-bQZRxl/glibc-2.23/string/../sysdeps/i386/i686/multiarch/../../strrchr.S
fn=__GI_strrchr
33 1 1 1 0 0 0 1 0 0
36 1 0 0 0 0 0 1 0 0
39 1 0 0 0 0 0 0 0 0
40 1 0 0 1 0 0 0 0 0
42 1 0 0 1 0 0 0 0 0
48 1 0 0 0 0 0 0 0 0
49 1 0 0 0 0 0 0 0 0
50 1 0 0 0 0 0 0 0 0
51 1 0 0 0 0 0 0 0 0
64 1 0 0 0 0 0 0 0 0
65 1 0 0 0 0 0 0 0 0
66 1 0 0 1 1 0 0 0 0
67 1 0 0 0 0 0 0 0 0
68 1 0 0 0 0 0 0 0 0
70 1 0 0 0 0 0 0 0 0
71 1 0 0 0 0 0 0 0 0
72 1 0 0 0 0 0 0 0 0
74 1 0 0 0 0 0 0 0 0
75 1 0 0 0 0 0 0 0 0
154 1 0 0 0 0 0 0 0 0
155 1 0 0 0 0 0 0 0 0
156 1 0 0 0 0 0 0 0 0
157 1 0 0 0 0 0 0 0 0
158 1 0 0 0 0 0 0 0 0
166 1 0 0 0 0 0 0 0 0
167 1 0 0 0 0 0 0 0 0
168 1 0 0 0 0 0 0 0 0
171 1 0 0 0 0 0 0 0 0
173 2 1 1 2 0 0 0 0 0
174 2 0 0 0 0 0 0 0 0
175 2 0 0 0 0 0 0 0 0
186 2 0 0 0 0 0 0 0 0
190 2 0 0 0 0 0 0 0 0
193 2 0 0 0 0 0 0 0 0
194 2 0 0 0 0 0 0 0 0
198 2 1 1 0 0 0 0 0 0
204 2 0 0 0 0 0 0 0 0
206 2 0 0 0 0 0 0 0 0
207 2 0 0 0 0 0 0 0 0
210 2 0 0 0 0 0 0 0 0
211 2 0 0 0 0 0 0 0 0
212 2 0 0 0 0 0 0 0 0
213 2 0 0 0 0 0 0 0 0
215 2 0 0 0 0 0 0 0 0
217 1 0 0 1 0 0 0 0 0
218 1 0 0 0 0 0 0 0 0
219 1 0 0 0 0 0 0 0 0
222 1 0 0 0 0 0 0 0 0
223 1 0 0 0 0 0 0 0 0
224 1 0 0 0 0 0 0 0 0
225 1 0 0 0 0 0 0 0 0
227 1 0 0 0 0 0 0 0 0
292 1 1 1 0 0 0 0 0 0
300 1 0 0 0 0 0 0 0 0
301 1 0 0 0 0 0 0 0 0
303 1 0 0 0 0 0 0 0 0
304 1 0 0 0 0 0 0 0 0
323 1 0 0 1 0 0 0 0 0
326 1 0 0 1 0 0 0 0 0
330 1 0 0 1 0 0 0 0 0
fl=/build/glibc-bQZRxl/glibc-2.23/string/../sysdeps/i386/i686/multiarch/../memcmp.S
fn=???
80 10430 1 1 10430 0 0 0 0 0
fn=__GI_memcmp
46 49 1 1 0 0 0 49 0 0
48 49 0 0 49 0 0 0 0 0
49 49 0 0 49 0 0 0 0 0
50 49 0 0 49 0 0 0 0 0
52 49 0 0 0 0 0 0 0 0
53 49 1 1 0 0 0 0 0 0
71 49 0 0 0 0 0 0 0 0
73 49 0 0 0 0 0 49 0 0
75 49 0 0 0 0 0 0 0 0
77 49 0 0 0 0 0 0 0 0
78 196 0 0 49 1 1 49 0 0
81 49 0 0 0 0 0 0 0 0
82 49 0 0 0 0 0 0 0 0
83 49 0 0 0 0 0 0 0 0
162 48 1 1 48 0 0 0 0 0
163 48 1 1 48 0 0 0 0 0
164 48 0 0 0 0 0 0 0 0
165 48 0 0 0 0 0 0 0 0
167 9 0 0 9 0 0 0 0 0
168 9 0 0 9 0 0 0 0 0
169 9 0 0 0 0 0 0 0 0
170 9 0 0 9 0 0 0 0 0
173 9 0 0 0 0 0 0 0 0
174 18 0 0 18 0 0 0 0 0
210 1 1 1 1 0 0 0 0 0
211 1 0 0 1 0 0 0 0 0
212 1 0 0 0 0 0 0 0 0
213 1 0 0 0 0 0 0 0 0
215 1 1 1 1 0 0 0 0 0
216 1 0 0 1 0 0 0 0 0
217 1 0 0 0 0 0 0 0 0
218 1 0 0 0 0 0 0 0 0
219 1 0 0 0 0 0 0 0 0
220 1 0 0 0 0 0 0 0 0
221 1 0 0 1 0 0 0 0 0
224 1 0 0 0 0 0 0 0 0
225 2 0 0 2 0 0 0 0 0
349 39 1 1 0 0 0 0 0 0
350 39 0 0 0 0 0 0 0 0
351 1 0 0 0 0 0 0 0 0
352 1 0 0 0 0 0 0 0 0
361 39 0 0 0 0 0 0 0 0
362 39 0 0 0 0 0 0 0 0
363 39 1 1 39 0 0 0 0 0
366 78 0 0 78 0 0 0 0 0
fn=bcmp
46 25 1 1 0 0 0 25 0 0
48 25 0 0 25 0 0 0 0 0
49 25 0 0 25 0 0 0 0 0
50 25 0 0 25 0 0 0 0 0
52 25 0 0 0 0 0 0 0 0
53 25 1 1 0 0 0 0 0 0
71 25 0 0 0 0 0 0 0 0
73 25 0 0 0 0 0 25 0 0
75 25 0 0 0 0 0 0 0 0
77 25 0 0 0 0 0 0 0 0
78 100 0 0 25 2 2 25 0 0
81 25 0 0 0 0 0 0 0 0
82 25 0 0 0 0 0 0 0 0
83 25 0 0 0 0 0 0 0 0
97 1 0 0 1 1 1 0 0 0
98 1 0 0 1 0 0 0 0 0
99 1 0 0 0 0 0 0 0 0
100 1 0 0 0 0 0 0 0 0
102 8 0 0 8 3 3 0 0 0
103 8 0 0 8 0 0 0 0 0
104 8 0 0 0 0 0 0 0 0
105 8 0 0 0 0 0 0 0 0
107 9 1 1 9 0 0 0 0 0
108 9 0 0 9 1 1 0 0 0
109 9 0 0 0 0 0 0 0 0
110 9 1 1 0 0 0 0 0 0
112 12 0 0 12 2 2 0 0 0
113 12 0 0 12 2 2 0 0 0
114 12 0 0 0 0 0 0 0 0
115 12 0 0 0 0 0 0 0 0
117 12 0 0 12 0 0 0 0 0
118 12 0 0 12 0 0 0 0 0
119 12 0 0 0 0 0 0 0 0
120 12 0 0 0 0 0 0 0 0
122 9 0 0 9 0 0 0 0 0
125 9 0 0 0 0 0 0 0 0
126 18 0 0 18 0 0 0 0 0
256 1 0 0 1 1 1 0 0 0
257 1 0 0 1 1 1 0 0 0
258 1 0 0 0 0 0 0 0 0
259 1 0 0 0 0 0 0 0 0
261 8 1 1 8 0 0 0 0 0
262 8 0 0 8 2 2 0 0 0
263 8 0 0 0 0 0 0 0 0
264 8 0 0 0 0 0 0 0 0
266 7 0 0 7 0 0 0 0 0
267 7 1 1 7 0 0 0 0 0
268 7 0 0 0 0 0 0 0 0
269 7 0 0 0 0 0 0 0 0
270 7 0 0 0 0 0 0 0 0
271 7 0 0 0 0 0 0 0 0
272 7 0 0 7 0 0 0 0 0
273 7 0 0 7 0 0 0 0 0
274 7 0 0 0 0 0 0 0 0
275 7 0 0 7 0 0 0 0 0
278 7 0 0 0 0 0 0 0 0
279 14 0 0 14 0 0 0 0 0
349 9 1 1 0 0 0 0 0 0
350 9 0 0 0 0 0 0 0 0
351 3 0 0 0 0 0 0 0 0
352 3 0 0 0 0 0 0 0 0
353 3 0 0 0 0 0 0 0 0
354 3 0 0 0 0 0 0 0 0
355 3 0 0 0 0 0 0 0 0
356 3 0 0 0 0 0 0 0 0
359 3 0 0 0 0 0 0 0 0
361 9 0 0 0 0 0 0 0 0
362 9 0 0 0 0 0 0 0 0
363 9 1 1 9 0 0 0 0 0
366 18 0 0 18 0 0 0 0 0
fl=/build/glibc-bQZRxl/glibc-2.23/string/../sysdeps/i386/i686/multiarch/../memcpy.S
fn=__GI_memcpy
40 1 1 1 0 0 0 0 0 0
41 1 0 0 1 0 0 0 0 0
42 1 0 0 0 0 0 0 0 0
43 1 0 0 1 0 0 0 0 0
45 1 0 0 0 0 0 0 0 0
46 1 0 0 0 0 0 0 0 0
47 1 0 0 0 0 0 0 0 0
48 1 0 0 1 0 0 0 0 0
49 1 0 0 0 0 0 0 0 0
50 1 0 0 0 0 0 0 0 0
52 1 0 0 0 0 0 0 0 0
53 1 0 0 0 0 0 0 0 0
55 1 1 1 0 0 0 0 0 0
56 1 0 0 0 0 0 0 0 0
67 1 0 0 0 0 0 1 0 0
68 1 0 0 0 0 0 0 0 0
69 1 0 0 0 0 0 0 0 0
70 1 0 0 0 0 0 0 0 0
71 4 0 0 3 1 1 3 0 0
73 1 0 0 0 0 0 0 0 0
74 1 0 0 0 0 0 0 0 0
76 1 0 0 1 0 0 0 0 0
78 1 0 0 0 0 0 0 0 0
79 1 0 0 0 0 0 0 0 0
80 1 0 0 1 0 0 0 0 0
82 1 0 0 1 0 0 0 0 0
fn=memcpy
40 30 1 1 0 0 0 0 0 0
41 30 0 0 30 0 0 0 0 0
42 30 0 0 0 0 0 0 0 0
43 30 0 0 30 0 0 0 0 0
45 30 0 0 0 0 0 0 0 0
46 30 0 0 0 0 0 0 0 0
47 30 0 0 0 0 0 0 0 0
48 30 0 0 30 0 0 0 0 0
49 30 0 0 0 0 0 0 0 0
50 30 0 0 0 0 0 0 0 0
52 24 0 0 0 0 0 0 0 0
53 24 0 0 0 0 0 0 0 0
55 23 0 0 0 0 0 0 0 0
56 23 0 0 0 0 0 0 0 0
67 23 0 0 0 0 0 23 0 0
68 23 0 0 0 0 0 0 0 0
69 23 0 0 0 0 0 0 0 0
70 23 0 0 0 0 0 0 0 0
71 167 0 0 144 3 3 144 10 10
73 23 0 0 0 0 0 0 0 0
74 48 0 0 25 0 0 25 0 0
76 23 0 0 23 0 0 0 0 0
78 30 0 0 0 0 0 0 0 0
79 30 0 0 0 0 0 0 0 0
80 30 0 0 30 0 0 0 0 0
82 30 0 0 30 0 0 0 0 0
88 7 1 1 0 0 0 0 0 0
89 7 0 0 0 0 0 0 0 0
90 4 0 0 4 0 0 4 2 2
91 7 0 0 0 0 0 0 0 0
92 7 0 0 0 0 0 0 0 0
93 5 0 0 5 0 0 5 2 2
94 42 0 0 35 0 0 35 2 2
96 7 0 0 0 0 0 0 0 0
fl=/build/glibc-bQZRxl/glibc-2.23/string/../sysdeps/i386/i686/multiarch/../memmove.S
fn=memmove
49 4 1 1 0 0 0 4 0 0
52 4 0 0 4 0 0 0 0 0
53 4 0 0 4 0 0 0 0 0
55 4 0 0 0 0 0 0 0 0
56 4 0 0 4 0 0 0 0 0
59 4 0 0 0 0 0 0 0 0
60 4 0 0 0 0 0 0 0 0
61 4 0 0 0 0 0 0 0 0
62 4 0 0 0 0 0 0 0 0
64 4 0 0 0 0 0 0 0 0
65 4 0 0 0 0 0 0 0 0
66 4 0 0 0 0 0 0 0 0
68 4 0 0 0 0 0 0 0 0
69 4 0 0 0 0 0 0 0 0
70 2 0 0 2 0 0 2 0 0
71 6 0 0 2 0 0 2 0 0
73 4 0 0 0 0 0 0 0 0
76 4 0 0 4 0 0 0 0 0
79 4 0 0 4 0 0 0 0 0
83 4 0 0 4 0 0 0 0 0
fl=/build/glibc-bQZRxl/glibc-2.23/string/../sysdeps/i386/i686/multiarch/../mempcpy.S
fn=__GI_mempcpy
40 5 1 1 5 0 0 0 0 0
41 5 0 0 0 0 0 0 0 0
43 5 0 0 5 0 0 0 0 0
44 5 0 0 0 0 0 0 0 0
46 5 0 0 5 0 0 0 0 0
47 5 1 1 0 0 0 0 0 0
48 5 0 0 0 0 0 0 0 0
49 5 0 0 0 0 0 0 0 0
50 4 0 0 4 0 0 4 0 0
51 5 0 0 0 0 0 0 0 0
52 5 0 0 0 0 0 0 0 0
53 2 0 0 2 0 0 2 0 0
54 6 0 0 1 0 0 1 0 0
56 5 0 0 0 0 0 0 0 0
58 5 0 0 0 0 0 0 0 0
61 5 0 0 5 0 0 0 0 0
fn=mempcpy
40 74 1 1 74 0 0 0 0 0
41 74 0 0 0 0 0 0 0 0
43 74 0 0 74 0 0 0 0 0
44 74 0 0 0 0 0 0 0 0
46 74 0 0 74 0 0 0 0 0
47 74 0 0 0 0 0 0 0 0
48 74 0 0 0 0 0 0 0 0
49 74 0 0 0 0 0 0 0 0
50 46 0 0 46 2 2 46 3 3
51 74 0 0 0 0 0 0 0 0
52 74 0 0 0 0 0 0 0 0
53 41 0 0 41 0 0 41 0 0
54 228 0 0 154 2 0 154 4 4
56 74 0 0 0 0 0 0 0 0
58 74 0 0 0 0 0 0 0 0
61 74 0 0 74 0 0 0 0 0
fl=/build/glibc-bQZRxl/glibc-2.23/string/../sysdeps/i386/i686/multiarch/../memset.S
fn=memset
45 19 2 2 0 0 0 0 0 0
46 19 0 0 0 0 0 19 0 0
48 19 0 0 19 0 0 0 0 0
49 19 0 0 19 0 0 0 0 0
53 19 0 0 19 0 0 0 0 0
55 19 2 2 0 0 0 0 0 0
56 19 0 0 0 0 0 0 0 0
58 19 0 0 0 0 0 0 0 0
59 19 0 0 0 0 0 0 0 0
60 4 0 0 0 0 0 0 0 0
61 4 0 0 0 0 0 4 0 0
62 4 0 0 0 0 0 0 0 0
63 4 0 0 0 0 0 0 0 0
64 4 0 0 0 0 0 4 0 0
65 4 0 0 0 0 0 0 0 0
66 4 0 0 0 0 0 0 0 0
67 4 0 0 0 0 0 0 0 0
68 4 0 0 0 0 0 0 0 0
71 19 0 0 0 0 0 0 0 0
72 19 0 0 0 0 0 0 0 0
73 19 0 0 0 0 0 0 0 0
75 19 0 0 0 0 0 0 0 0
77 339 0 0 0 0 0 320 22 22
79 19 0 0 0 0 0 0 0 0
80 43 0 0 0 0 0 24 0 0
85 19 0 0 19 0 0 0 0 0
87 19 0 0 19 0 0 0 0 0
91 19 0 0 19 0 0 0 0 0
fl=/build/glibc-bQZRxl/glibc-2.23/string/../sysdeps/i386/i686/multiarch/../strcmp.S
fn=strcmp
30 2828 1 1 2828 0 0 0 0 0
31 2828 0 0 2828 0 0 0 0 0
33 30917 0 0 30917 136 66 0 0 0
34 30917 0 0 30917 53 29 0 0 0
35 30917 0 0 0 0 0 0 0 0
36 30325 0 0 0 0 0 0 0 0
37 30325 0 0 0 0 0 0 0 0
38 30325 0 0 0 0 0 0 0 0
39 30325 0 0 0 0 0 0 0 0
41 2236 0 0 0 0 0 0 0 0
44 2236 0 0 2236 0 0 0 0 0
46 592 1 1 0 0 0 0 0 0
47 592 0 0 0 0 0 0 0 0
48 592 0 0 0 0 0 0 0 0
50 592 0 0 592 0 0 0 0 0
fl=/build/glibc-bQZRxl/glibc-2.23/string/../sysdeps/i386/i686/multiarch/memchr-sse2-bsf.S
fn=__memchr_sse2_bsf
51 1 1 1 1 0 0 0 0 0
52 1 0 0 1 0 0 0 0 0
55 1 0 0 1 0 0 0 0 0
56 1 0 0 0 0 0 0 0 0
57 1 0 0 0 0 0 0 0 0
59 1 0 0 0 0 0 0 0 0
61 1 0 0 0 0 0 0 0 0
62 1 0 0 0 0 0 0 0 0
64 1 0 0 0 0 0 0 0 0
65 1 0 0 0 0 0 0 0 0
67 1 0 0 0 0 0 0 0 0
68 1 0 0 0 0 0 0 0 0
70 1 0 0 1 0 0 0 0 0
71 1 0 0 0 0 0 0 0 0
73 1 0 0 0 0 0 0 0 0
74 1 0 0 0 0 0 0 0 0
75 1 0 0 0 0 0 0 0 0
77 1 0 0 0 0 0 0 0 0
80 1 0 0 0 0 0 0 0 0
81 1 0 0 0 0 0 0 0 0
83 1 1 1 0 0 0 0 0 0
84 1 0 0 1 0 0 0 0 0
fl=/build/glibc-bQZRxl/glibc-2.23/string/../sysdeps/i386/i686/multiarch/memchr.S
fn=memchr
29 1 0 0 1 0 0 0 0 0
30 1 0 0 0 0 0 0 0 0
31 1 0 0 1 0 0 0 0 0
32 1 0 0 0 0 0 0 0 0
40 1 1 1 0 0 0 0 0 0
41 1 0 0 1 0 0 0 0 0
fl=/build/glibc-bQZRxl/glibc-2.23/string/../sysdeps/i386/i686/multiarch/memcmp-ssse3.S
fn=__memcmp_ssse3
53 1 1 1 1 0 0 0 0 0
61 1 0 0 1 0 0 0 0 0
62 1 0 0 0 0 0 0 0 0
63 1 0 0 1 0 0 0 0 0
64 1 0 0 0 0 0 0 0 0
99 1 1 1 0 0 0 1 0 0
100 1 0 0 0 0 0 1 0 0
101 1 0 0 0 0 0 1 0 0
103 1 0 0 1 0 0 0 0 0
104 1 0 0 1 0 0 0 0 0
105 1 0 0 0 0 0 0 0 0
106 1 0 0 0 0 0 0 0 0
107 1 0 0 0 0 0 0 0 0
108 1 0 0 0 0 0 0 0 0
109 1 0 0 0 0 0 0 0 0
111 1 0 0 0 0 0 0 0 0
112 1 0 0 0 0 0 0 0 0
113 1 0 0 0 0 0 0 0 0
114 1 0 0 0 0 0 0 0 0
115 1 0 0 0 0 0 0 0 0
116 1 0 0 0 0 0 0 0 0
117 1 1 1 0 0 0 0 0 0
118 1 0 0 0 0 0 0 0 0
119 1 0 0 0 0 0 0 0 0
120 1 0 0 0 0 0 0 0 0
121 1 0 0 0 0 0 0 0 0
122 1 0 0 0 0 0 0 0 0
125 1 0 0 0 0 0 0 0 0
126 1 0 0 0 0 0 0 0 0
127 1 0 0 0 0 0 0 0 0
128 1 0 0 0 0 0 0 0 0
129 1 0 0 0 0 0 0 0 0
130 1 0 0 0 0 0 0 0 0
244 1 1 1 0 0 0 0 0 0
245 1 0 0 0 0 0 0 0 0
246 1 0 0 0 0 0 0 0 0
247 1 0 0 0 0 0 0 0 0
274 1 1 1 0 0 0 0 0 0
275 1 0 0 1 0 0 0 0 0
276 1 0 0 1 0 0 0 0 0
277 1 0 0 1 0 0 0 0 0
279 1 0 0 1 0 0 0 0 0
280 1 0 0 1 0 0 0 0 0
281 1 1 1 1 0 0 0 0 0
284 6 0 0 0 0 0 0 0 0
285 6 0 0 0 0 0 0 0 0
286 6 0 0 0 0 0 0 0 0
287 6 0 0 0 0 0 0 0 0
289 6 0 0 6 0 0 0 0 0
290 6 0 0 6 0 0 0 0 0
291 6 0 0 0 0 0 0 0 0
292 6 0 0 6 0 0 0 0 0
293 6 0 0 6 0 0 0 0 0
294 6 0 0 6 0 0 0 0 0
295 6 0 0 0 0 0 0 0 0
296 6 0 0 6 0 0 0 0 0
298 6 0 0 0 0 0 0 0 0
299 6 1 1 0 0 0 0 0 0
300 1 0 0 0 0 0 0 0 0
302 1 0 0 0 0 0 0 0 0
303 1 0 0 0 0 0 0 0 0
304 1 0 0 0 0 0 0 0 0
305 1 0 0 0 0 0 0 0 0
307 1 0 0 0 0 0 0 0 0
308 1 0 0 0 0 0 0 0 0
310 1 0 0 0 0 0 0 0 0
311 1 0 0 0 0 0 0 0 0
312 1 0 0 0 0 0 0 0 0
313 1 0 0 0 0 0 0 0 0
314 1 0 0 0 0 0 0 0 0
315 1 0 0 0 0 0 0 0 0
317 1 0 0 0 0 0 0 0 0
318 1 0 0 0 0 0 0 0 0
319 1 0 0 1 0 0 0 0 0
320 1 0 0 1 0 0 0 0 0
321 1 0 0 0 0 0 0 0 0
1670 1 1 1 0 0 0 0 0 0
1671 1 0 0 0 0 0 0 0 0
1694 1 1 1 0 0 0 0 0 0
1695 1 0 0 0 0 0 0 0 0
1718 1 1 1 0 0 0 0 0 0
1719 1 0 0 0 0 0 0 0 0
1720 1 0 0 0 0 0 0 0 0
1721 1 0 0 0 0 0 0 0 0
1723 1 0 0 0 0 0 0 0 0
1724 1 0 0 0 0 0 0 0 0
1725 1 0 0 0 0 0 0 0 0
1726 1 0 0 0 0 0 0 0 0
1727 1 1 1 0 0 0 0 0 0
1728 1 0 0 0 0 0 0 0 0
1729 1 0 0 0 0 0 0 0 0
1730 1 0 0 0 0 0 0 0 0
1766 1 1 1 0 0 0 0 0 0
1767 1 0 0 0 0 0 0 0 0
1825 1 1 1 1 0 0 0 0 0
1826 1 0 0 1 0 0 0 0 0
1827 1 0 0 0 0 0 0 0 0
1828 1 1 1 0 0 0 0 0 0
1830 1 0 0 1 0 0 0 0 0
1831 1 0 0 1 0 0 0 0 0
1832 1 0 0 0 0 0 0 0 0
1833 1 0 0 0 0 0 0 0 0
1835 1 0 0 1 0 0 0 0 0
1836 1 0 0 1 0 0 0 0 0
1837 1 0 0 0 0 0 0 0 0
1838 1 0 0 0 0 0 0 0 0
1840 1 0 0 1 0 0 0 0 0
1841 1 0 0 1 0 0 0 0 0
1842 1 0 0 0 0 0 0 0 0
1843 1 0 0 0 0 0 0 0 0
1845 1 0 0 1 0 0 0 0 0
1846 1 0 0 1 0 0 0 0 0
1847 1 0 0 0 0 0 0 0 0
1848 1 0 0 0 0 0 0 0 0
1850 1 1 1 1 0 0 0 0 0
1851 1 0 0 1 0 0 0 0 0
1852 1 0 0 0 0 0 0 0 0
1853 1 0 0 0 0 0 0 0 0
1855 1 0 0 1 0 0 0 0 0
1856 1 0 0 1 0 0 0 0 0
1857 1 0 0 0 0 0 0 0 0
1858 1 0 0 0 0 0 0 0 0
1859 1 0 0 0 0 0 0 0 0
1860 1 0 0 1 0 0 0 0 0
1861 1 0 0 1 0 0 0 0 0
fl=/build/glibc-bQZRxl/glibc-2.23/string/../sysdeps/i386/i686/multiarch/memcmp.S
fn=bcmp
30 1 0 0 0 0 0 0 0 0
31 1 0 0 1 1 1 0 0 0
32 1 0 0 0 0 0 0 0 0
33 1 0 0 0 0 0 0 0 0
34 1 0 0 1 0 0 0 0 0
35 1 0 0 0 0 0 0 0 0
37 1 0 0 1 0 0 0 0 0
fl=/build/glibc-bQZRxl/glibc-2.23/string/../sysdeps/i386/i686/multiarch/memcpy-ssse3.S
fn=__memcpy_ssse3
100 1 1 1 0 0 0 1 0 0
101 1 0 0 1 0 0 0 0 0
102 1 0 0 1 0 0 0 0 0
103 1 0 0 1 0 0 0 0 0
122 1 0 0 0 0 0 0 0 0
123 1 0 0 0 0 0 0 0 0
127 1 0 0 0 0 0 0 0 0
128 1 0 0 0 0 0 0 0 0
130 1 0 0 0 0 0 0 0 0
131 5 1 1 1 1 1 1 0 0
2165 1 1 1 1 0 0 0 0 0
2166 1 0 0 0 0 0 1 0 0
2167 1 0 0 1 0 0 0 0 0
2168 1 0 0 1 0 0 0 0 0
2169 1 0 0 0 0 0 1 0 0
2170 1 0 0 0 0 0 1 0 0
2175 1 0 0 1 0 0 0 0 0
2178 2 0 0 2 0 0 0 0 0
fl=/build/glibc-bQZRxl/glibc-2.23/string/../sysdeps/i386/i686/multiarch/memcpy.S
fn=memcpy
32 1 0 0 0 0 0 0 0 0
33 1 0 0 1 0 0 0 0 0
34 1 0 0 0 0 0 0 0 0
35 1 0 0 0 0 0 0 0 0
36 1 0 0 1 1 1 0 0 0
37 1 0 0 0 0 0 0 0 0
38 1 0 0 1 0 0 0 0 0
39 1 0 0 0 0 0 0 0 0
40 1 0 0 0 0 0 0 0 0
41 1 0 0 1 0 0 0 0 0
42 1 0 0 0 0 0 0 0 0
44 1 0 0 1 0 0 0 0 0
fl=/build/glibc-bQZRxl/glibc-2.23/string/../sysdeps/i386/i686/multiarch/memrchr.S
fn=memrchr
29 1 0 0 1 0 0 0 0 0
30 1 0 0 0 0 0 0 0 0
31 1 1 1 1 1 0 0 0 0
32 1 0 0 0 0 0 0 0 0
40 1 0 0 0 0 0 0 0 0
41 1 0 0 1 0 0 0 0 0
fl=/build/glibc-bQZRxl/glibc-2.23/string/../sysdeps/i386/i686/multiarch/strcmp-ssse3.S
fn=__strcmp_ssse3
233 9 2 2 9 0 0 0 0 0
234 9 0 0 9 0 0 0 0 0
240 9 0 0 9 1 1 0 0 0
241 9 0 0 9 0 0 0 0 0
242 9 0 0 0 0 0 0 0 0
2381 9 1 1 0 0 0 0 0 0
2382 9 0 0 0 0 0 0 0 0
2397 9 0 0 9 0 0 0 0 0
fl=/build/glibc-bQZRxl/glibc-2.23/string/../sysdeps/i386/i686/multiarch/strcmp.S
fn=strcmp
58 1 0 0 0 0 0 0 0 0
59 1 0 0 1 1 0 0 0 0
60 1 0 0 0 0 0 0 0 0
61 1 0 0 0 0 0 0 0 0
62 1 0 0 1 0 0 0 0 0
63 1 0 0 0 0 0 0 0 0
67 1 1 1 1 0 0 0 0 0
fl=/build/glibc-bQZRxl/glibc-2.23/string/../sysdeps/i386/i686/multiarch/strcpy-sse2.S
fn=???
314 10 0 0 10 0 0 0 0 0
fl=/build/glibc-bQZRxl/glibc-2.23/string/../sysdeps/i386/i686/multiarch/strncase.S
fn=strncasecmp
27 1 0 0 0 0 0 0 0 0
28 1 0 0 1 1 0 0 0 0
29 1 0 0 0 0 0 0 0 0
30 1 0 0 0 0 0 0 0 0
31 1 0 0 1 0 0 0 0 0
32 1 0 0 0 0 0 0 0 0
36 1 1 1 1 0 0 0 0 0
fl=/build/glibc-bQZRxl/glibc-2.23/string/../sysdeps/i386/strchrnul.S
fn=strchrnul
34 2 1 1 0 0 0 2 0 0
38 2 0 0 2 0 0 0 0 0
39 2 0 0 2 0 0 0 0 0
45 2 0 0 0 0 0 0 0 0
46 2 0 0 0 0 0 0 0 0
47 2 0 0 0 0 0 0 0 0
48 2 0 0 0 0 0 0 0 0
61 2 0 0 0 0 0 0 0 0
62 2 0 0 0 0 0 0 0 0
123 2 1 1 2 0 0 0 0 0
124 2 0 0 0 0 0 0 0 0
126 2 0 0 0 0 0 0 0 0
127 2 0 0 0 0 0 0 0 0
137 2 0 0 0 0 0 0 0 0
141 2 0 0 0 0 0 0 0 0
144 2 0 0 0 0 0 0 0 0
145 2 0 0 0 0 0 0 0 0
149 2 0 0 0 0 0 0 0 0
155 1 0 0 0 0 0 0 0 0
156 1 0 0 0 0 0 0 0 0
157 1 0 0 0 0 0 0 0 0
160 1 0 0 0 0 0 0 0 0
161 1 0 0 0 0 0 0 0 0
162 1 0 0 0 0 0 0 0 0
163 1 0 0 0 0 0 0 0 0
165 1 1 1 0 0 0 0 0 0
250 2 1 1 0 0 0 0 0 0
251 2 0 0 0 0 0 0 0 0
271 2 0 0 2 0 0 0 0 0
275 2 0 0 2 0 0 0 0 0
fl=/build/glibc-bQZRxl/glibc-2.23/string/../sysdeps/x86_64/cacheinfo.c
fn=handle_intel
261 21 0 0 0 0 0 12 0 0
262 6 1 1 0 0 0 0 0 0
273 12 0 0 0 0 0 6 0 0
275 3 0 0 0 0 0 3 0 0
276 3 0 0 0 0 0 3 0 0
278 6 1 1 1 0 0 0 0 0
284 15 1 1 0 0 0 6 0 0
289 6 0 0 0 0 0 0 0 0
291 9 1 1 0 0 0 3 0 0
292 3 0 0 0 0 0 0 0 0
296 15 0 0 3 0 0 6 0 0
297 9 1 1 0 0 0 0 0 0
300 18 0 0 3 0 0 6 0 0
301 9 0 0 0 0 0 0 0 0
304 21 0 0 6 0 0 6 0 0
305 9 0 0 0 0 0 0 0 0
308 18 0 0 3 0 0 6 0 0
309 9 0 0 0 0 0 0 0 0
313 3 0 0 0 0 0 0 0 0
314 2 0 0 1 0 0 0 0 0
317 1 0 0 0 0 0 0 0 0
318 18 1 1 15 0 0 0 0 0
fn=init_cacheinfo
482 7 1 1 0 0 0 5 0 0
494 5 1 1 2 1 0 1 0 0
496 8 0 0 2 0 0 2 0 0
499 1 1 1 0 0 0 1 0 0
500 4 0 0 0 0 0 1 0 0
502 2 0 0 0 0 0 0 0 0
505 1 1 1 0 0 0 1 0 0
506 5 1 1 1 0 0 1 0 0
511 2 0 0 1 0 0 0 0 0
513 3 0 0 2 0 0 1 0 0
514 3 0 0 1 0 0 1 0 0
516 1 0 0 0 0 0 0 0 0
521 15 1 1 1 0 0 2 0 0
527 6 0 0 0 0 0 0 0 0
530 15 0 0 0 0 0 0 0 0
532 3 1 1 2 0 0 0 0 0
538 5 1 1 1 0 0 1 0 0
564 3 1 1 1 0 0 0 0 0
565 8 0 0 2 0 0 0 0 0
596 4 0 0 0 0 0 0 0 0
597 4 0 0 0 0 0 0 0 0
652 2 1 1 0 0 0 0 0 0
654 3 0 0 0 0 0 1 0 0
655 1 0 0 0 0 0 1 1 1
657 2 0 0 0 0 0 0 0 0
658 3 0 0 0 0 0 1 0 0
659 1 0 0 0 0 0 1 0 0
662 2 0 0 0 0 0 0 0 0
664 3 0 0 0 0 0 1 0 0
665 1 0 0 0 0 0 1 0 0
667 1 0 0 0 0 0 0 0 0
668 3 0 0 0 0 0 1 0 0
669 1 1 1 0 0 0 1 0 0
671 6 0 0 5 0 0 0 0 0
fn=intel_check_word
121 467 1 1 196 9 9 0 0 0
124 189 0 0 0 0 0 0 0 0
132 108 1 1 0 0 0 84 0 0
133 36 0 0 0 0 0 12 0 0
135 10 0 0 0 0 0 0 0 0
139 120 1 1 12 0 0 12 0 0
141 80 0 0 0 0 0 0 0 0
143 60 0 0 0 0 0 0 0 0
145 60 0 0 0 0 0 0 0 0
153 60 0 0 0 0 0 0 0 0
204 66 0 0 3 0 0 0 0 0
209 27 0 0 18 0 0 0 0 0
212 66 1 1 19 1 0 10 0 0
226 30 1 1 0 0 0 0 0 0
231 28 0 0 14 0 0 0 0 0
233 4 2 2 2 0 0 0 0 0
235 4 0 0 2 0 0 0 0 0
237 2 0 0 2 0 0 0 0 0
245 10 0 0 0 0 0 0 0 0
246 6 1 1 2 0 0 2 0 0
251 28 0 0 0 0 0 0 0 0
256 72 0 0 60 0 0 0 0 0
fl=/build/glibc-bQZRxl/glibc-2.23/string/strdup.c
fn=strdup
40 36 0 0 6 0 0 24 0 0
41 24 0 0 0 0 0 12 0 0
42 12 0 0 0 0 0 12 0 0
44 18 0 0 0 0 0 0 0 0
47 36 0 0 0 0 0 24 0 0
48 24 0 0 24 0 0 0 0 0
fl=/build/glibc-bQZRxl/glibc-2.23/termios/../sysdeps/unix/sysv/linux/tcgetattr.c
fn=tcgetattr
34 4 1 1 1 0 0 2 0 0
38 11 1 1 2 0 0 2 0 0
40 2 0 0 0 0 0 0 0 0
77 5 0 0 3 0 0 0 0 0
fl=/build/glibc-bQZRxl/glibc-2.23/wcsmbs/../sysdeps/i386/i686/multiarch/wcslen.S
fn=wcslen
29 1 0 0 0 0 0 0 0 0
30 1 0 0 1 0 0 0 0 0
31 1 0 0 0 0 0 0 0 0
32 1 0 0 0 0 0 0 0 0
33 1 0 0 1 0 0 0 0 0
fl=/build/glibc-bQZRxl/glibc-2.23/wcsmbs/./wcsmbsload.h
fn=btowc
71 384 0 0 128 1 0 0 0 0
73 384 1 1 0 0 0 0 0 0
74 128 0 0 0 0 0 0 0 0
fl=/build/glibc-bQZRxl/glibc-2.23/wcsmbs/btowc.c
fn=btowc
33 2048 1 1 256 0 0 1280 0 0
38 1280 0 0 0 0 0 0 0 0
43 768 0 0 0 0 0 0 0 0
47 512 1 1 512 0 0 0 0 0
48 256 0 0 256 1 0 0 0 0
51 512 0 0 128 1 0 0 0 0
55 384 0 0 128 0 0 0 0 0
58 1408 0 0 384 0 0 640 0 0
99 1536 1 1 1280 0 0 0 0 0
fl=/build/glibc-bQZRxl/glibc-2.23/wcsmbs/wctob.c
fn=wctob
31 1024 1 1 128 0 0 640 0 0
40 256 0 0 0 0 0 0 0 0
45 256 0 0 0 0 0 0 0 0
46 128 0 0 0 0 0 0 0 0
82 768 0 0 640 0 0 0 0 0
fl=/build/glibc-bQZRxl/glibc-2.23/wctype/wctype_l.c
fn=wctype_l
27 50 1 1 0 0 0 40 0 0
30 40 1 1 10 0 0 20 0 0
33 50 0 0 30 1 0 10 0 0
34 58 0 0 0 0 0 0 0 0
36 290 0 0 0 0 0 116 0 0
38 508 1 1 49 0 0 196 0 0
41 48 0 0 0 0 0 0 0 0
42 96 0 0 48 0 0 0 0 0
47 30 0 0 30 1 0 0 0 0
48 60 0 0 50 0 0 0 0 0
fl=/home/mpi/lab2/bloques.cpp
fn=_GLOBAL__sub_I_main
51 3 0 0 1 0 0 0 0 0
fn=main
13 15 1 1 4 0 0 7 0 0
14 2 0 0 0 0 0 0 0 0
21 16 1 1 0 0 0 8 0 0
23 3008 1 1 503 1 0 0 0 0
24 750000 0 0 250000 0 0 0 0 0
25 250002 0 0 1 0 0 250000 31251 31251
26 500000 0 0 250000 1 1 250000 31251 31251
29 6559 3 3 5174 2 2 1087 1 1
32 49 0 0 16 0 0 16 0 0
33 880 1 1 368 0 0 256 0 0
34 12544 0 0 8448 0 0 0 0 0
36 1146880 3 3 965632 1809 0 32768 0 0
37 10176000 1 1 5024000 0 0 128000 0 0
38 310000000 1 1 28000000 518704 31251 0 0 0
39 750000000 0 0 250000000 1176499 42916 125000000 0 0
41 3 1 1 1 0 0 2 0 0
45 9 0 0 3 1 1 0 0 0
49 11 0 0 2 0 0 6 0 0
50 2 0 0 0 0 0 0 0 0
51 11 1 1 8 1 1 0 0 0
fl=/usr/include/c++/5/bits/stl_algobase.h
fn=main
768 500005 1 1 0 0 0 0 0 0
770 750001 0 0 250000 0 0 250000 31250 31250
fn=std::vector<double, std::allocator<double> >::vector(unsigned int, std::allocator<double> const&)
768 1500002 0 0 0 0 0 0 0 0
770 500002 1 0 0 0 0 500000 62500 62500
fl=/usr/include/c++/5/bits/stl_vector.h
fn=main
161 2 0 0 2 1 1 0 0 0
170 2 0 0 0 0 0 0 0 0
177 5 0 0 0 0 0 0 0 0
fn=std::vector<double, std::allocator<double> >::vector(unsigned int, std::allocator<double> const&)
91 6 1 1 0 0 0 6 0 0
170 4 0 0 0 0 0 0 0 0
185 2 0 0 0 0 0 2 0 0
187 10 0 0 0 0 0 2 0 0
277 10 0 0 4 0 0 6 0 0
279 8 0 0 8 2 0 0 0 0
1310 2 0 0 0 0 0 2 2 0
fl=/usr/include/c++/5/chrono
fn=main
163 9 1 1 6 1 1 3 0 0
fl=/usr/include/c++/5/ext/new_allocator.h
fn=main
101 2 0 0 0 0 0 0 0 0
104 6 0 0 0 0 0 3 1 1
110 10 1 1 1 0 0 6 0 0
fn=std::vector<double, std::allocator<double> >::vector(unsigned int, std::allocator<double> const&)
101 4 0 0 0 0 0 0 0 0
104 8 0 0 0 0 0 4 1 0
fl=/usr/include/c++/5/iostream
fn=_GLOBAL__sub_I_main
74 7 1 0 0 0 0 6 1 0
fl=/usr/include/c++/5/ostream
fn=main
113 3 0 0 1 0 0 2 0 0
221 4 0 0 2 0 0 4 0 0
561 11 1 1 2 0 0 8 0 0
fl=/usr/include/stdlib.h
fn=main
280 13 1 1 2 0 0 10 0 0
fl=???
fn=???
0 9449 248 237 7767 135 48 830 20 12
fn=__cpu_indicator_init
0 88 6 6 24 2 1 19 0 0
fn=__cxa_guard_acquire
0 34 5 5 13 1 0 7 0 0
fn=__cxa_guard_release
0 20 3 3 7 0 0 5 0 0
fn=__cxxabiv1::__si_class_type_info::__do_dyncast(int, __cxxabiv1::__class_type_info::__sub_kind, __cxxabiv1::__class_type_info const*, void const*, __cxxabiv1::__class_type_info const*, void const*, __cxxabiv1::__class_type_info::__dyncast_result&) const
0 1400 3 3 640 0 0 320 0 0
fn=__cxxabiv1::__vmi_class_type_info::__do_dyncast(int, __cxxabiv1::__class_type_info::__sub_kind, __cxxabiv1::__class_type_info const*, void const*, __cxxabiv1::__class_type_info const*, void const*, __cxxabiv1::__class_type_info::__dyncast_result&) const
0 648 8 8 279 4 3 162 0 0
fn=__dynamic_cast
0 2548 4 4 1029 16 3 931 0 0
fn=__gnu_cxx::stdio_sync_filebuf<char, std::char_traits<char> >::overflow(int)
0 16 1 1 5 0 0 5 0 0
fn=__gnu_cxx::stdio_sync_filebuf<char, std::char_traits<char> >::sync()
0 40 1 1 16 0 0 16 0 0
fn=__gnu_cxx::stdio_sync_filebuf<char, std::char_traits<char> >::xsputn(char const*, int)
0 65 2 2 30 0 0 35 0 0
fn=__gnu_cxx::stdio_sync_filebuf<wchar_t, std::char_traits<wchar_t> >::sync()
0 30 1 1 12 2 2 12 0 0
fn=__libc_csu_init
0 41 5 3 12 2 1 14 0 0
fn=__x86.get_pc_thunk.bx
0 6 0 0 6 0 0 0 0 0
fn=_dl_debug_initialize
0 1 0 0 0 0 0 0 0 0
fn=_dl_sysinfo_int80
0 27 1 0 13 0 0 0 0 0
fn=bcmp
0 3 1 1 1 1 1 1 0 0
fn=bool std::has_facet<std::ctype<char> >(std::locale const&)
0 112 3 3 40 0 0 36 0 0
fn=bool std::has_facet<std::ctype<wchar_t> >(std::locale const&)
0 112 2 2 40 0 0 36 0 0
fn=bool std::has_facet<std::num_get<char, std::istreambuf_iterator<char, std::char_traits<char> > > >(std::locale const&)
0 112 1 1 40 0 0 36 0 0
fn=bool std::has_facet<std::num_get<wchar_t, std::istreambuf_iterator<wchar_t, std::char_traits<wchar_t> > > >(std::locale const&)
0 112 2 2 40 0 0 36 0 0
fn=bool std::has_facet<std::num_put<char, std::ostreambuf_iterator<char, std::char_traits<char> > > >(std::locale const&)
0 112 3 3 40 0 0 36 0 0
fn=bool std::has_facet<std::num_put<wchar_t, std::ostreambuf_iterator<wchar_t, std::char_traits<wchar_t> > > >(std::locale const&)
0 112 2 2 40 0 0 36 0 0
fn=memchr
0 3 1 1 1 0 0 1 0 0
fn=memcpy
0 3 2 2 1 0 0 1 0 0
fn=memrchr
0 3 1 1 1 0 0 1 0 0
fn=operator delete(void*)
0 27 2 2 9 0 0 12 0 0
fn=operator new(unsigned int)
0 57 2 2 12 0 0 15 1 0
fn=std::_V2::error_category::~error_category()
0 3 0 0 3 0 0 0 0 0
fn=std::__cxx11::messages<char>::messages(unsigned int)
0 22 2 2 7 0 0 10 0 0
fn=std::__cxx11::messages<wchar_t>::messages(unsigned int)
0 22 1 1 7 1 0 10 0 0
fn=std::__cxx11::moneypunct<char, false>::_M_initialize_moneypunct(__locale_struct*, char const*)
0 120 7 7 41 1 1 32 0 0
fn=std::__cxx11::moneypunct<char, true>::_M_initialize_moneypunct(__locale_struct*, char const*)
0 120 5 5 41 0 0 32 0 0
fn=std::__cxx11::moneypunct<wchar_t, false>::_M_initialize_moneypunct(__locale_struct*, char const*)
0 110 6 6 30 0 0 32 0 0
fn=std::__cxx11::moneypunct<wchar_t, true>::_M_initialize_moneypunct(__locale_struct*, char const*)
0 110 5 5 30 0 0 32 0 0
fn=std::__cxx11::numpunct<char>::_M_initialize_numpunct(__locale_struct*)
0 418 4 4 139 3 1 77 0 0
fn=std::__cxx11::numpunct<wchar_t>::_M_initialize_numpunct(__locale_struct*)
0 353 6 6 75 1 0 76 3 3
fn=std::__num_base::_S_format_float(std::ios_base const&, char*, char)
0 39 3 3 7 0 0 7 0 0
fn=std::__timepunct<char>::_M_initialize_timepunct(__locale_struct*)
0 108 9 9 8 0 0 53 0 0
fn=std::__timepunct<char>::__timepunct(std::__timepunct_cache<char>*, unsigned int)
0 33 2 2 9 0 0 14 1 1
fn=std::__timepunct<wchar_t>::_M_initialize_timepunct(__locale_struct*)
0 108 9 9 7 0 0 52 0 0
fn=std::__timepunct<wchar_t>::__timepunct(std::__timepunct_cache<wchar_t>*, unsigned int)
0 33 2 2 9 0 0 14 0 0
fn=std::basic_ios<char, std::char_traits<char> >::_M_cache_locale(std::locale const&)
0 176 3 3 24 0 0 76 0 0
fn=std::basic_ios<char, std::char_traits<char> >::init(std::basic_streambuf<char, std::char_traits<char> >*)
0 120 2 2 28 0 0 60 0 0
fn=std::basic_ios<wchar_t, std::char_traits<wchar_t> >::_M_cache_locale(std::locale const&)
0 176 3 3 24 0 0 76 0 0
fn=std::basic_ios<wchar_t, std::char_traits<wchar_t> >::init(std::basic_streambuf<wchar_t, std::char_traits<wchar_t> >*)
0 120 2 2 28 0 0 60 0 0
fn=std::basic_ostream<char, std::char_traits<char> >& std::__ostream_insert<char, std::char_traits<char> >(std::basic_ostream<char, std::char_traits<char> >&, char const*, int)
0 128 7 7 58 0 0 38 0 0
fn=std::basic_ostream<char, std::char_traits<char> >& std::endl<char, std::char_traits<char> >(std::basic_ostream<char, std::char_traits<char> >&)
0 25 2 2 10 0 0 9 0 0
fn=std::basic_ostream<wchar_t, std::char_traits<wchar_t> >::flush()
0 75 2 2 30 9 9 18 0 0
fn=std::chrono::_V2::system_clock::now()
0 66 2 2 18 1 1 18 1 1
fn=std::codecvt<char, char, __mbstate_t>::codecvt(unsigned int)
0 20 1 1 7 0 0 8 1 1
fn=std::codecvt<wchar_t, char, __mbstate_t>::codecvt(unsigned int)
0 20 2 2 7 0 0 8 1 1
fn=std::ctype<char> const& std::use_facet<std::ctype<char> >(std::locale const&)
0 130 4 4 50 3 3 45 0 0
fn=std::ctype<char>::_M_widen_init() const
0 1139 4 4 79 2 2 333 4 4
fn=std::ctype<char>::ctype(unsigned short const*, bool, unsigned int)
0 187 4 4 13 1 0 145 9 9
fn=std::ctype<wchar_t> const& std::use_facet<std::ctype<wchar_t> >(std::locale const&)
0 104 2 2 40 0 0 36 0 0
fn=std::ctype<wchar_t>::_M_convert_to_wmask(unsigned short) const
0 282 10 10 56 0 0 54 0 0
fn=std::ctype<wchar_t>::_M_initialize_ctype()
0 3624 4 4 48 0 0 1236 19 19
fn=std::ctype<wchar_t>::ctype(unsigned int)
0 25 2 2 7 0 0 11 1 1
fn=std::error_category::error_category()
0 14 1 1 6 1 0 4 0 0
fn=std::error_category::~error_category()
0 2 0 0 2 0 0 0 0 0
fn=std::future_category()
0 32 3 3 5 1 1 12 0 0
fn=std::ios_base::Init::Init()
0 363 30 29 73 6 0 222 9 8
fn=std::ios_base::Init::~Init()
0 37 3 3 16 7 7 16 0 0
fn=std::ios_base::_M_init()
0 264 3 3 80 0 0 120 0 0
fn=std::ios_base::ios_base()
0 568 3 3 40 0 0 256 20 16
fn=std::locale::_Impl::_Impl(unsigned int)
0 1153 63 63 119 9 1 619 27 27
fn=std::locale::_Impl::_M_install_facet(std::locale::id const*, std::locale::facet const*)
0 13920 7 7 4680 0 0 1710 0 0
fn=std::locale::facet::_S_create_c_locale(__locale_struct*&, char const*, __locale_struct*)
0 16 1 1 5 0 0 7 0 0
fn=std::locale::facet::_S_get_c_locale()
0 243 4 4 76 2 2 46 0 0
fn=std::locale::facet::_S_get_c_name()
0 28 1 1 7 0 0 7 0 0
fn=std::locale::id::_M_id() const
0 1310 1 1 428 7 4 204 0 0
fn=std::locale::locale()
0 616 4 3 220 1 0 176 0 0
fn=std::locale::operator=(std::locale const&)
0 232 3 3 96 0 0 48 0 0
fn=std::locale::~locale()
0 160 1 1 56 0 0 32 0 0
fn=std::messages<char>::messages(unsigned int)
0 22 2 2 7 0 0 10 0 0
fn=std::messages<wchar_t>::messages(unsigned int)
0 22 2 2 7 0 0 10 0 0
fn=std::moneypunct<char, false>::_M_initialize_moneypunct(__locale_struct*, char const*)
0 120 5 5 41 0 0 32 1 0
fn=std::moneypunct<char, true>::_M_initialize_moneypunct(__locale_struct*, char const*)
0 120 7 7 41 0 0 32 0 0
fn=std::moneypunct<wchar_t, false>::_M_initialize_moneypunct(__locale_struct*, char const*)
0 110 7 7 30 0 0 32 0 0
fn=std::moneypunct<wchar_t, true>::_M_initialize_moneypunct(__locale_struct*, char const*)
0 110 6 6 30 0 0 32 0 0
fn=std::num_get<char, std::istreambuf_iterator<char, std::char_traits<char> > > const& std::use_facet<std::num_get<char, std::istreambuf_iterator<char, std::char_traits<char> > > >(std::locale const&)
0 104 2 2 40 0 0 36 0 0
fn=std::num_get<wchar_t, std::istreambuf_iterator<wchar_t, std::char_traits<wchar_t> > > const& std::use_facet<std::num_get<wchar_t, std::istreambuf_iterator<wchar_t, std::char_traits<wchar_t> > > >(std::locale const&)
0 104 1 1 40 0 0 36 0 0
fn=std::num_put<char, std::ostreambuf_iterator<char, std::char_traits<char> > > const& std::use_facet<std::num_put<char, std::ostreambuf_iterator<char, std::char_traits<char> > > >(std::locale const&)
0 104 2 2 40 0 0 36 0 0
fn=std::num_put<char, std::ostreambuf_iterator<char, std::char_traits<char> > >::do_put(std::ostreambuf_iterator<char, std::char_traits<char> >, std::ios_base&, char, double) const
0 29 2 2 14 0 0 14 0 0
fn=std::num_put<char, std::ostreambuf_iterator<char, std::char_traits<char> > >::do_put(std::ostreambuf_iterator<char, std::char_traits<char> >, std::ios_base&, char, long) const
0 54 3 3 26 0 0 24 0 0
fn=std::num_put<wchar_t, std::ostreambuf_iterator<wchar_t, std::char_traits<wchar_t> > > const& std::use_facet<std::num_put<wchar_t, std::ostreambuf_iterator<wchar_t, std::char_traits<wchar_t> > > >(std::locale const&)
0 104 3 3 40 0 0 36 0 0
fn=std::numpunct<char>::_M_initialize_numpunct(__locale_struct*)
0 418 7 7 139 0 0 77 0 0
fn=std::numpunct<wchar_t>::_M_initialize_numpunct(__locale_struct*)
0 353 5 5 75 0 0 76 0 0
fn=std::ostream& std::ostream::_M_insert<double>(double)
0 69 5 5 30 0 0 25 0 0
fn=std::ostream& std::ostream::_M_insert<long>(long)
0 157 7 7 65 4 4 51 0 0
fn=std::ostream::flush()
0 100 2 2 40 5 5 24 0 0
fn=std::ostream::operator<<(int)
0 20 2 2 8 0 0 10 0 0
fn=std::ostream::put(char)
0 52 4 4 23 0 0 13 0 0
fn=std::ostream::sentry::sentry(std::ostream&)
0 150 2 2 66 3 3 42 0 0
fn=std::ostreambuf_iterator<char, std::char_traits<char> > std::num_put<char, std::ostreambuf_iterator<char, std::char_traits<char> > >::_M_insert_float<double>(std::ostreambuf_iterator<char, std::char_traits<char> >, std::ios_base&, char, char, double) const
0 148 8 8 43 0 0 55 0 0
fn=std::ostreambuf_iterator<char, std::char_traits<char> > std::num_put<char, std::ostreambuf_iterator<char, std::char_traits<char> > >::_M_insert_int<long>(std::ostreambuf_iterator<char, std::char_traits<char> >, std::ios_base&, char, long) const
0 220 6 6 64 2 2 68 0 0
fn=strcmp
0 3 1 1 1 1 0 1 0 0
fn=strncasecmp
0 3 1 1 1 1 0 1 0 0
fn=wcslen
0 3 1 1 1 0 0 1 0 0
summary: 1078492459 1783 1739 285450261 1709288 80715 126661813 156888 156673
